id,ts,symbol,open,high,low,close,volume,cci_14,cci_6_tcci,lsma_value,swi_value,czi_value,ema_34,trend_state,predictor_next_cci,zlr_detected,zlr_direction,created_at,proj_hi,proj_lo,hfe_detected,hfe_direction,hfe_extreme_bars_ago,lsma_above_price
88379464,2026-10-01 18:00:00+03,MES,7691.5,7697.75,7687,7695.5,13332,108.49,147.28,7685.97,157.94,-15,7699.27,BLUE,180.13,1,DOWN,2026-10-01 18:00:04.67216+03,7808.25,7681,0,NONE,0,0
88383516,2026-10-01 18:05:00+03,MES,7695.25,7697.75,7690.25,7694,9668,107.61,97.09,7686.13,184.63,-20,7698.97,BLUE,106.72,0,NONE,2026-10-01 18:05:05.032659+03,7808.25,7681,0,NONE,0,0
88387917,2026-10-01 18:10:00+03,MES,7694,7696.75,7688.75,7690.25,7476,64.48,46.33,7686.88,27.62,-33,7698.57,BLUE,21.35,0,NONE,2026-10-01 18:10:07.985083+03,7808.25,7681,0,NONE,0,0
88392018,2026-10-01 18:15:00+03,MES,7690.5,7701,7688.75,7695,10308,99.52,75.06,7687.89,-8.97,-13,7698.36,BLUE,134.57,1,UP,2026-10-01 18:15:06.2035+03,7808.25,7681,0,NONE,0,0
88396219,2026-10-01 18:20:00+03,MES,7695,7702.5,7692.75,7701,7148,139.88,151.98,7689.59,32.27,11,7698.38,BLUE,180.23,1,UP,2026-10-01 18:20:03.820327+03,7808.25,7681,0,NONE,0,0
88400670,2026-10-01 18:25:00+03,MES,7701.5,7702,7697.25,7697.75,8820,121.89,103.52,7690.5,57.42,-2,7698.42,BLUE,103.91,0,NONE,2026-10-01 18:25:03.028061+03,7808.25,7681,0,NONE,0,0
88404821,2026-10-01 18:30:00+03,MES,7697.75,7709.5,7696.25,7708.25,13738,164.25,138.22,7692.97,64.73,37,7698.77,BLUE,206.62,1,DOWN,2026-10-01 18:30:01.255635+03,7808.25,7681,0,NONE,0,0
88409123,2026-10-01 18:35:00+03,MES,7708.25,7711,7701.75,7703.5,11184,139.43,106.31,7695.46,-0.45,17,7699.15,BLUE,114.61,1,DOWN,2026-10-01 18:35:04.31186+03,7808.25,7681,0,NONE,0,0
88413024,2026-10-01 18:40:00+03,MES,7703.75,7706.5,7699.25,7704.75,10102,103.66,47.02,7698.48,-18.24,21,7699.4,BLUE,67.88,1,DOWN,2026-10-01 18:40:03.478224+03,7808.25,7681,0,NONE,0,0
88417276,2026-10-01 18:45:00+03,MES,7705,7707.75,7702.75,7703.5,7115,98.2,52.75,7700.85,-66.06,15,7699.7,BLUE,92.74,1,DOWN,2026-10-01 18:45:02.150827+03,7808.25,7681,0,NONE,0,0
88421628,2026-10-01 18:50:00+03,MES,7703.5,7705.25,7692.5,7693.5,12778,12.85,-122.04,7701.54,-126.58,-23,7699.55,BLUE,-72.49,1,DOWN,2026-10-01 18:50:04.07579+03,7808.25,7681,0,NONE,0,1
88425780,2026-10-01 18:55:00+03,MES,7693.5,7694.5,7687.25,7694,13642,-55.56,-138.52,7701.71,-159.21,-20,7699.12,RED,-123.97,0,NONE,2026-10-01 18:55:02.555644+03,7808.25,7681,0,NONE,0,1
