ct,open,high,low,close,volume,cumulative_delta,vah,val,poc_vol
2026-04-16 08:30:00,7127,7127,7122.5,7125.75,19,-7,0,0,0
2026-04-21 14:45:00,7148,7156.75,7146.75,7153.25,29,-71,0,0,0
2026-04-21 14:50:00,7160,7160,7149,7150.25,11,-57,0,0,0
2026-04-21 14:55:00,7153.25,7159.25,7152.25,7154.25,20,14,0,0,0
2026-04-27 11:30:00,7249.5,7250.5,7249.5,7250.5,4,-57,0,0,0
2026-04-27 11:35:00,7252.25,7252.75,7251.75,7251.75,5,-57,0,0,0
2026-04-27 11:40:00,7252,7252,7252,7252,2,0,0,0,0
2026-04-30 11:30:00,7261,7262,7259.75,7260.75,5,-3,0,0,0
2026-04-30 11:35:00,7258.5,7258.5,7258.5,7258.5,1,-1,0,0,0
2026-04-30 11:40:00,7261,7261,7257.75,7257.75,4,0,0,0,0
2026-05-07 08:30:00,7399.25,7400.25,7393.25,7394,20310,-2612,7372,7364.25,250
2026-05-07 08:35:00,7393.75,7395,7391,7393.5,16029,-3396,7367.75,7360.75,153
2026-05-07 08:40:00,7393.75,7394.5,7390.25,7391,13388,-7124,7366.5,7362.75,153
2026-05-07 08:45:00,7391,7393,7384.25,7385,25622,-6370,7369.75,7365.75,146
2026-05-07 08:50:00,7385.25,7389,7383.75,7388.75,15826,-6283,7367.25,7361.25,105
2026-05-07 08:55:00,7388.75,7391.5,7385.5,7387.75,17943,-2238,7363.5,7359,116
2026-05-07 09:00:00,7387.5,7394.25,7387.25,7394,18073,-1568,7363.75,7360.75,173
2026-05-07 09:05:00,7393.75,7397.5,7392,7395.5,18774,-2247,7365,7361,138
2026-05-07 09:10:00,7395.5,7396.75,7393.25,7393.5,12061,-2850,7369.75,7365.25,156
2026-05-07 09:15:00,7393.25,7396,7388.75,7394,21483,-603,7368.75,7366.25,161
2026-05-07 09:20:00,7394,7399,7393.5,7394.5,15807,1945,7462.25,7445,387
2026-05-07 09:25:00,7394.5,7397.5,7394.25,7396.5,3837,463,7447,7438.75,624
2026-05-11 08:30:00,7410.25,7424.75,7410.25,7424.75,32064,36,7449.25,7437.75,417
2026-05-11 14:00:00,7489.5,7491.25,7489.5,7490.25,7,46,0,0,0
2026-05-11 14:05:00,7489.5,7493.75,7489.5,7493.75,8,46,0,0,0
2026-05-11 14:10:00,7493.75,7495.25,7491,7491,8,0,0,0,0
2026-05-12 08:30:00,7414.25,7417.5,7406.75,7408.75,31593,-2041,0,0,0
2026-05-13 08:30:00,7429.25,7429.5,7416.75,7420.25,31011,-2543,0,0,0
2026-05-14 08:30:00,7481,7492.75,7479.75,7492.25,28069,13,0,0,0
2026-05-14 11:10:00,7536.25,7538.25,7533.5,7534,6898,140,0,0,0
2026-05-14 11:15:00,7534,7538,7534,7534.75,6460,137,0,0,0
2026-05-14 11:20:00,7534.75,7538,7530.75,7530.75,8696,131,0,0,0
2026-05-15 10:30:00,7516.5,7519,7511.75,7514.75,14,2,0,0,0
2026-05-15 10:35:00,7511.25,7511.25,7510.25,7510.25,3,-3,0,0,0
2026-05-15 10:40:00,7507.25,7510,7498,7499,46,2,0,0,0
2026-05-18 08:30:00,7438.25,7440.75,7424.75,7425.5,31004,-3132,0,0,0
2026-05-18 09:55:00,7421.75,7426,7420,7423,13244,-13734,0,0,0
2026-05-18 10:00:00,7423,7430.5,7407.75,7413,45162,-14253,0,0,0
2026-05-18 10:05:00,7412.5,7416.75,7407.5,7408,18103,-14031,0,0,0
2026-05-19 08:30:00,7445.5,7450.75,7439.25,7445.25,86,18,0,0,0
2026-05-19 09:25:00,7366,7370.25,7360.25,7363.25,24293,-19,0,0,0
2026-05-19 09:30:00,7363.25,7371.75,7359,7361.75,25648,-23,0,0,0
2026-05-19 09:35:00,7361.75,7371,7361.5,7369,18210,-14,0,0,0
2026-05-19 09:55:00,7417.25,7427.75,7416.5,7426.75,116,-44,0,0,0
2026-05-19 10:00:00,7428.25,7432,7425,7431.75,60,-49,0,0,0
2026-05-19 10:05:00,7430.25,7431.5,7423.75,7424,9,-45,0,0,0
2026-05-19 13:15:00,7466.75,7466.75,7463,7465,10,37,0,0,0
2026-05-19 13:20:00,7463.5,7463.5,7456.75,7460,11,30,0,0,0
2026-05-19 13:25:00,7457.75,7463.25,7456.75,7458,11,-7,0,0,0
2026-05-19 13:35:00,7399.5,7402.25,7395,7395.5,7597,-14418,0,0,0
2026-05-19 13:40:00,7395.5,7398.25,7393.75,7397.25,7161,-14750,0,0,0
2026-05-19 13:45:00,7397,7397.5,7392,7395.75,7094,-332,0,0,0
2026-05-20 09:45:00,7421.5,7423.5,7414.5,7418.75,16082,101,0,0,0
2026-05-20 09:50:00,7419,7427,7417.25,7426,12595,118,0,0,0
2026-05-20 09:55:00,7425.75,7433.5,7424.25,7430.75,20431,110,0,0,0
2026-05-20 11:05:00,7441.5,7444.25,7438.75,7440.5,6911,97,0,0,0
2026-05-20 11:10:00,7440.5,7441.75,7437,7439.5,6804,103,0,0,0
2026-05-20 11:15:00,7439.5,7440.25,7434,7435.75,8752,113,0,0,0
2026-05-20 11:20:00,7435.75,7436.25,7427.5,7430.75,19792,101,0,0,0
2026-05-20 11:25:00,7430.5,7430.5,7423.75,7428.25,16229,94,0,0,0
2026-05-20 12:00:00,7489.25,7492.5,7487.5,7488.5,26,51,0,0,0
2026-05-20 12:05:00,7488.75,7488.75,7487,7487,2,61,0,0,0
2026-05-20 12:10:00,7486.5,7499,7486.5,7492.75,42,10,0,0,0
2026-05-21 08:30:00,7477.5,7478.75,7472.25,7477,38,-10,0,0,0
2026-05-21 10:55:00,7491,7491.25,7489.25,7489.25,9,-76,0,0,0
2026-05-21 11:00:00,7491.5,7493.5,7491.5,7492,6,-72,0,0,0
2026-05-21 11:05:00,7490.75,7494,7490.75,7493.25,6,4,0,0,0
2026-05-21 11:45:00,7486.75,7486.75,7478.5,7478.5,19,-13,0,0,0
2026-05-21 11:50:00,7478.5,7480,7477.25,7480,9,-3,0,0,0
2026-05-21 11:55:00,7483.5,7485,7482.75,7484,10,-6,0,0,0
2026-05-25 08:30:00,7619,7623.5,7619,7622.75,14,4,0,0,0
2026-05-25 09:50:00,7557.5,7558.25,7555.25,7555.75,2118,-1150,0,0,0
2026-05-25 09:55:00,7555.5,7557,7554.25,7555.5,2278,-1297,0,0,0
2026-05-25 10:00:00,7555.5,7556.25,7554.25,7555,1241,-147,0,0,0
2026-05-25 10:20:00,7623.75,7623.75,7619.75,7621,13,-9,0,0,0
2026-05-25 10:25:00,7620.5,7623.5,7620.25,7620.25,8,8,0,0,0
2026-05-25 10:30:00,7618.75,7619.25,7618,7619.25,5,-3,0,0,0
2026-05-25 11:40:00,7557.25,7558.75,7556.75,7558.5,754,1766,0,0,0
2026-05-25 11:45:00,7558.75,7562.5,7556.5,7562.5,2298,224,0,0,0
2026-05-25 11:50:00,7562.25,7563.25,7559.5,7560,2108,36,0,0,0
2026-05-25 11:55:00,7560.25,7564.75,7559.75,7564.5,2092,288,0,0,0
2026-05-26 08:30:00,7596.25,7598.5,7587.75,7587.75,62,-28,0,0,0
2026-05-27 08:30:00,7601.25,7606.25,7600,7603.25,52,2,0,0,0
2026-05-27 08:55:00,7597.75,7599,7593,7599,25,-29,0,0,0
2026-05-27 09:00:00,7598.5,7607,7597.5,7607,54,-52,0,0,0
2026-05-27 09:05:00,7607,7607,7595.5,7600.25,107,-23,0,0,0
2026-05-27 09:10:00,7600.25,7602.5,7596,7602.5,15,-1,0,0,0
2026-05-27 09:15:00,7602,7607.5,7602,7606.75,18,-40,0,0,0
2026-05-27 09:20:00,7607,7607,7593.75,7593.75,31,3,0,0,0
2026-05-27 13:35:00,7540.5,7541,7537.5,7541,6144,-19753,0,0,0
2026-05-27 13:40:00,7541,7542.75,7539.75,7541.75,4971,-19496,0,0,0
2026-05-27 13:45:00,7541.75,7544,7541.5,7541.75,4721,-20059,0,0,0
2026-05-28 08:30:00,7578,7578.5,7576,7576.5,4329,-2258,0,0,0
2026-05-28 08:35:00,7576.5,7577.5,7574.5,7575.75,4336,-2137,0,0,0
2026-05-28 08:40:00,7575.75,7579,7575.5,7578.5,4953,-3100,0,0,0
2026-05-28 08:45:00,7528.5,7532,7526,7527.25,15593,740,0,0,0
2026-05-28 08:50:00,7527.25,7537.25,7526.25,7531.75,26556,1668,0,0,0
2026-05-28 08:55:00,7531.75,7536.25,7530.5,7535.75,11058,1907,0,0,0
2026-05-28 09:00:00,7581.25,7583,7580.25,7581.25,4161,3667,0,0,0
2026-05-28 09:05:00,7581.25,7582.25,7578.25,7578.25,4295,11729,0,0,0
2026-05-28 09:10:00,7578.5,7579.25,7576.5,7577,4038,13153,0,0,0
2026-05-28 09:15:00,7576.75,7577.75,7575,7575.5,4853,12032,0,0,0
2026-05-28 09:20:00,7575.25,7579.25,7575.25,7578.5,5065,12840,0,0,0
2026-05-28 09:25:00,7578.5,7579.25,7576.25,7576.5,3939,10115,0,0,0
2026-05-28 09:30:00,7576.75,7578.5,7575.5,7576,4394,9572,0,0,0
2026-05-28 09:35:00,7576,7578.75,7575,7578.25,3748,11608,0,0,0
2026-05-28 09:40:00,7578.5,7579.75,7577.5,7578.75,3263,9805,0,0,0
2026-05-28 09:45:00,7579,7582.5,7578.5,7582,6795,10690,0,0,0
2026-05-28 09:50:00,7582,7583.75,7581.25,7582.5,6598,9619,0,0,0
2026-05-28 09:55:00,7582.5,7582.5,7580.25,7581,3793,11663,0,0,0
2026-05-28 10:00:00,7581,7583,7580,7582.75,3823,10831,0,0,0
2026-05-28 10:05:00,7582.75,7583,7581,7581,3238,10206,0,0,0
2026-05-28 10:10:00,7581,7581.25,7578.75,7579.25,5280,10491,0,0,0
2026-05-28 10:15:00,7579.25,7582.5,7578,7580.5,10843,11082,0,0,0
2026-05-28 10:20:00,7580.25,7582.25,7579.25,7582.25,3187,12513,0,0,0
2026-05-28 10:25:00,7582,7582.75,7581,7581.75,3220,12314,0,0,0
2026-05-28 10:30:00,7581.75,7582,7578.75,7579.25,3782,12723,0,0,0
2026-05-28 10:35:00,7579,7579.5,7577,7577.75,4345,12286,0,0,0
2026-05-28 10:40:00,7577.5,7579.25,7576.75,7577.5,3730,11594,0,0,0
2026-05-28 10:45:00,7577.75,7578.25,7576,7577,3262,11914,0,0,0
2026-05-28 10:50:00,7576.75,7579.5,7576,7579.25,3852,11593,0,0,0
2026-05-28 10:55:00,7579,7580,7576.5,7576.5,2985,10736,0,0,0
2026-05-28 11:00:00,7576.5,7578.25,7575.25,7578,4588,11012,0,0,0
2026-05-28 11:05:00,7577.75,7579.25,7577.75,7578.25,3386,11114,0,0,0
2026-05-28 11:10:00,7578.25,7579.5,7576.25,7576.75,3124,13029,0,0,0
2026-05-28 11:15:00,7576.75,7578.75,7576,7577.25,3228,13344,0,0,0
2026-05-28 11:20:00,7577.5,7580,7576.75,7580,3623,12824,0,0,0
2026-05-28 11:25:00,7579.75,7582.25,7579.75,7582.25,5089,12349,0,0,0
2026-05-28 11:30:00,7582,7585.25,7581.75,7584,8645,11703,0,0,0
2026-05-28 11:35:00,7584,7586.25,7583,7586.25,5667,12034,0,0,0
2026-05-28 11:40:00,7586.25,7586.5,7582,7582.25,6376,12238,0,0,0
2026-05-28 11:45:00,7582,7584.75,7581.5,7582.25,6654,11845,0,0,0
2026-05-28 11:50:00,7582,7584,7579.75,7583,14895,12477,0,0,0
2026-05-28 11:55:00,7582.75,7584.25,7580.5,7582,18003,12632,0,0,0
2026-05-28 14:15:00,7576.75,7578.75,7576,7577.25,3228,9421,0,0,0
2026-05-28 14:20:00,7577.5,7580,7576.75,7580,3623,10016,0,0,0
2026-05-28 14:25:00,7579.75,7582.25,7579.75,7582.25,5089,595,0,0,0
2026-05-29 08:30:00,7590.5,7594.5,7586.75,7591.75,26492,-5,0,0,0
2026-05-29 08:35:00,7591.5,7598.75,7591,7598.5,18135,49,0,0,0
2026-05-29 08:40:00,7598.75,7606,7597,7605.75,17498,51,0,0,0
2026-05-29 08:45:00,7605.25,7606,7601.75,7602,7640,66,0,0,0
2026-05-29 08:50:00,7602,7602.25,7598,7599.75,6961,46,0,0,0
2026-05-29 08:55:00,7600,7600.5,7595.5,7597.75,7604,40,0,0,0
2026-05-29 09:00:00,7598,7600.5,7596,7596.75,5961,28,0,0,0
2026-05-29 09:05:00,7596.75,7598.75,7595.25,7598,4764,39,0,0,0
2026-05-29 09:10:00,7597.75,7599.75,7595.5,7597.75,6394,34,0,0,0
2026-05-29 09:15:00,7597.75,7600.25,7597.5,7598.5,4018,37,0,0,0
2026-05-29 09:20:00,7661.25,7663.25,7655.75,7655.75,27,3,0,0,0
2026-05-29 09:25:00,7655,7660.25,7652,7658.25,48,-32,0,0,0
2026-05-29 09:30:00,7660.75,7662.25,7655.5,7661.5,9,-3,0,0,0
2026-05-29 09:35:00,7595.25,7596.25,7592.75,7593.75,5815,-20,0,0,0
2026-05-29 09:40:00,7594,7595,7590.25,7590.75,6599,-21,0,0,0
2026-05-29 09:45:00,7590.75,7592.25,7590,7591.25,5659,23,0,0,0
2026-05-29 09:50:00,7591,7593.25,7588.5,7588.5,8550,9,0,0,0
2026-05-29 09:55:00,7588.5,7588.75,7582.5,7583.25,12653,2,0,0,0
2026-05-29 10:00:00,7583.25,7588.25,7581.75,7588,10725,24,0,0,0
2026-05-29 10:05:00,7588.25,7590,7587.25,7590,6420,46,0,0,0
2026-05-29 10:10:00,7590,7591.75,7586.25,7587.75,7886,35,0,0,0
2026-05-29 10:15:00,7588,7590,7586.25,7589.75,7331,61,0,0,0
2026-05-29 10:20:00,7589.75,7593,7589.5,7592.5,6028,70,0,0,0
2026-05-29 10:25:00,7592.5,7594.5,7591,7593.25,5724,70,0,0,0
2026-05-29 10:30:00,7593.5,7598.25,7593.25,7597.25,6886,67,0,0,0
2026-05-29 10:35:00,7597.25,7598,7594.5,7597,6182,59,0,0,0
2026-05-29 10:40:00,7596.75,7597.5,7593.75,7594.5,4695,53,0,0,0
2026-05-29 10:45:00,7594.5,7594.75,7584.5,7588.5,24297,58,0,0,0
2026-05-29 10:50:00,7588.75,7590.5,7585.25,7587.5,8598,57,0,0,0
2026-05-29 10:55:00,7587.5,7589.25,7584.5,7585.5,7325,56,0,0,0
2026-05-29 11:00:00,7585.25,7589.75,7583.75,7589.25,8819,59,0,0,0
2026-05-29 11:05:00,7589.25,7593.75,7589,7593.25,5640,82,0,0,0
2026-05-29 11:10:00,7593.25,7595.75,7592.25,7594.5,6501,79,0,0,0
2026-05-29 11:15:00,7594.25,7595.25,7590.25,7592.75,8348,81,0,0,0
2026-05-29 11:20:00,7592.5,7596.75,7591.5,7595.5,5928,71,0,0,0
2026-05-29 11:25:00,7595.5,7599.5,7593.75,7599.25,6821,65,0,0,0
2026-05-29 11:30:00,7599.25,7603,7599,7602.75,8426,95,0,0,0
2026-05-29 11:35:00,7602.75,7605.75,7601.25,7605,10446,108,0,0,0
2026-05-29 11:40:00,7605,7607,7602.5,7602.5,9658,132,0,0,0
2026-05-29 11:45:00,7602.75,7604.25,7600.25,7602.5,7876,160,0,0,0
2026-05-29 11:50:00,7602.5,7604,7594.5,7596.25,26096,188,0,0,0
2026-05-29 11:55:00,7596.25,7599,7593.25,7595,37870,183,0,0,0
2026-05-29 13:20:00,7589.75,7593,7589.5,7592.5,6028,56,0,0,0
2026-05-29 13:25:00,7592.5,7594.5,7591,7593.25,5724,52,0,0,0
2026-05-29 13:30:00,7593.5,7598.25,7593.25,7597.25,6886,52,0,0,0
2026-05-29 13:45:00,7655,7655,7646.75,7650.75,25,43,0,0,0
2026-05-29 13:50:00,7652,7652,7647.75,7649.5,26,43,0,0,0
2026-05-29 13:55:00,7650.75,7651,7646,7646,6,0,0,0,0
2026-06-01 08:30:00,7596.25,7601,7596,7599.5,16014,-78,0,0,0
2026-06-01 08:35:00,7599.75,7600.75,7597.25,7599.75,6330,-73,0,0,0
2026-06-01 08:40:00,7600,7601,7598.75,7599,4078,-72,0,0,0
2026-06-01 08:45:00,7599,7599.75,7596.75,7599.5,5926,-76,0,0,0
2026-06-01 08:50:00,7599.25,7607.25,7598.75,7606.75,19662,-88,0,0,0
2026-06-01 08:55:00,7607,7609.25,7606,7607.75,11718,-102,0,0,0
2026-06-01 09:00:00,7607.75,7608.5,7602.5,7602.5,11804,-84,0,0,0
2026-06-01 09:05:00,7602.75,7604.5,7598.75,7599.5,7812,-86,0,0,0
2026-06-01 09:10:00,7599.25,7602.5,7599.25,7601.5,5134,-84,0,0,0
2026-06-01 09:15:00,7601.5,7602.5,7599.5,7601.75,3885,-77,0,0,0
2026-06-01 09:20:00,7601.75,7605.5,7601.5,7604.5,6546,-78,0,0,0
2026-06-01 09:25:00,7604.5,7614,7603,7613.75,11471,-88,0,0,0
2026-06-01 09:30:00,7614,7616.25,7606.75,7608,24610,-90,0,0,0
2026-06-01 09:35:00,7608,7613.5,7607,7613,10342,-105,0,0,0
2026-06-01 09:40:00,7613,7632.75,7612,7623.5,30604,-102,0,0,0
2026-06-01 09:45:00,7623.25,7629,7623.25,7625,13621,-104,0,0,0
2026-06-01 09:50:00,7625,7628,7623.75,7627.75,7119,-106,0,0,0
2026-06-01 09:55:00,7628,7628.25,7623.25,7624,6581,-98,0,0,0
2026-06-01 10:00:00,7624.5,7625.5,7623.75,7624.75,3894,-87,0,0,0
2026-06-01 10:05:00,7624.75,7626.25,7624.25,7625.5,4602,-84,0,0,0
2026-06-01 10:10:00,7625.5,7626.75,7622,7622.75,5488,-87,0,0,0
2026-06-01 10:15:00,7622.75,7626.75,7622.25,7626.75,4482,-84,0,0,0
2026-06-01 10:20:00,7626.75,7627.5,7626,7627,3763,-81,0,0,0
2026-06-01 10:25:00,7627,7628.25,7626.5,7627.25,3541,-100,0,0,0
2026-06-01 10:30:00,7627.25,7627.5,7624.25,7626.25,3417,-92,0,0,0
2026-06-01 10:35:00,7626.25,7627.5,7625,7625.5,2573,-91,0,0,0
2026-06-01 10:40:00,7602.5,7603,7600,7601.25,8885,-100,0,0,0
2026-06-01 10:45:00,7601.5,7601.75,7597.25,7597.25,7788,-98,0,0,0
2026-06-01 10:50:00,7597.5,7600,7596.25,7598.25,6928,-100,0,0,0
2026-06-01 10:55:00,7625,7627.25,7624,7624.5,2830,-91,0,0,0
2026-06-01 11:00:00,7624.25,7625.75,7622.75,7625.5,4888,-97,0,0,0
2026-06-01 11:05:00,7625.5,7626,7623,7625,4848,-107,0,0,0
2026-06-01 11:10:00,7625,7625.5,7623.25,7623.25,3106,-134,0,0,0
2026-06-01 11:15:00,7623.5,7624.75,7622.75,7623.25,3252,-133,0,0,0
2026-06-01 11:20:00,7623.25,7625,7623,7625,2509,-128,0,0,0
2026-06-01 11:25:00,7625,7626.75,7624.25,7625.75,3309,-113,0,0,0
2026-06-01 11:30:00,7625.5,7625.75,7621,7621.25,6099,-117,0,0,0
2026-06-01 11:35:00,7621.25,7622.25,7619.25,7620.75,8248,-112,0,0,0
2026-06-01 11:40:00,7620.5,7620.75,7617.75,7619,5137,-113,0,0,0
2026-06-01 11:45:00,7619,7620,7615,7615.5,8377,-69,0,0,0
2026-06-01 11:50:00,7615.75,7617,7611,7611.5,11998,-55,0,0,0
2026-06-01 11:55:00,7611.75,7614.25,7610.5,7613.75,19754,-58,0,0,0
2026-06-01 14:25:00,7625,7626.75,7624.25,7625.75,3309,111,0,0,0
2026-06-01 14:30:00,7625.5,7625.75,7621,7621.25,6099,101,0,0,0
2026-06-01 14:35:00,7621.25,7622.25,7619.25,7620.75,8248,90,0,0,0
2026-06-02 08:30:00,7621,7623.25,7620,7620.5,4836,-3180,0,0,0
2026-06-02 08:35:00,7620.5,7621.5,7618.75,7620,6272,-4382,0,0,0
2026-06-02 08:40:00,7620.25,7622.25,7620,7620.75,4481,-2714,0,0,0
2026-06-02 08:45:00,7620.75,7624.75,7620.5,7624.75,5090,-2077,0,0,0
2026-06-02 08:50:00,7624.75,7626.25,7624,7624.5,5045,-2143,0,0,0
2026-06-02 08:55:00,7624.25,7627.25,7624,7626.5,4058,-120,0,0,0
2026-06-02 09:00:00,7626.5,7627.25,7624.5,7626.75,4366,805,0,0,0
2026-06-02 09:05:00,7626.75,7627.5,7624,7625.5,7087,2069,0,0,0
2026-06-02 09:10:00,7625.5,7626.75,7623.75,7626.5,2676,1797,0,0,0
2026-06-02 09:15:00,7626.75,7626.75,7620.5,7621.5,7220,283,0,0,0
2026-06-02 09:20:00,7621.75,7622.75,7618.75,7619.25,6292,-1561,0,0,0
2026-06-02 09:25:00,7619.25,7619.5,7617,7618,6473,1359,0,0,0
2026-06-02 09:30:00,7618.25,7621.25,7617.5,7618.5,6326,1516,0,0,0
2026-06-02 09:35:00,7618.5,7619,7615.5,7616,5707,1865,0,0,0
2026-06-02 09:40:00,7616,7620,7615.5,7618.75,5843,2841,0,0,0
2026-06-02 09:45:00,7618.5,7620.5,7618.25,7620.25,3867,2622,0,0,0
2026-06-02 09:50:00,7620,7621,7618.75,7618.75,3809,2961,0,0,0
2026-06-02 09:55:00,7618.75,7618.75,7616,7616.5,3873,1334,0,0,0
2026-06-02 10:00:00,7616.75,7618.5,7616,7617,3549,3085,0,0,0
2026-06-02 10:05:00,7616.75,7620,7616.75,7619.5,3329,1962,0,0,0
2026-06-02 10:10:00,7619.25,7621.75,7618,7618.5,6050,2631,0,0,0
2026-06-02 10:15:00,7618.5,7618.75,7616.5,7617.25,3457,2499,0,0,0
2026-06-02 10:20:00,7617.25,7619,7616.5,7617.75,3090,1004,0,0,0
2026-06-02 10:25:00,7617.75,7619,7616.75,7617.5,2911,-97,0,0,0
2026-06-02 10:30:00,7617.5,7620.25,7617,7618,4073,166,0,0,0
2026-06-02 10:35:00,7618,7618,7614.75,7615,5454,-1186,0,0,0
2026-06-02 10:40:00,7615,7617.25,7614.25,7616.5,5326,-987,0,0,0
2026-06-02 10:45:00,7616.5,7618.25,7615.75,7618,3357,-1631,0,0,0
2026-06-02 10:50:00,7618,7619,7616.5,7617.5,2875,-1729,0,0,0
2026-06-02 10:55:00,7617.5,7620,7617.25,7618.75,3412,-3359,0,0,0
2026-06-02 11:00:00,7618.75,7622.25,7618.75,7622,6335,-1593,0,0,0
2026-06-02 11:05:00,7621.75,7622.25,7620.5,7622,3510,-1171,0,0,0
2026-06-02 11:10:00,7625,7628,7624.25,7626.5,6272,-2257,0,0,0
2026-06-02 11:15:00,7626.5,7626.75,7622.75,7623.25,5664,-3434,0,0,0
2026-06-02 11:20:00,7623.25,7624,7620,7623.25,8597,-1177,0,0,0
2026-06-02 11:25:00,7623.5,7623.75,7620.5,7621.5,3986,-3715,0,0,0
2026-06-02 11:30:00,7621.5,7623,7621,7622.5,3236,-4065,0,0,0
2026-06-02 11:35:00,7622.5,7623,7621,7621.25,2282,-3490,0,0,0
2026-06-02 11:40:00,7621.25,7622.25,7620,7620,4071,-2152,0,0,0
2026-06-02 11:45:00,7620,7623,7619.5,7622.75,5334,-2143,0,0,0
2026-06-02 11:50:00,7623,7625.5,7620.75,7624,10397,-1723,0,0,0
2026-06-02 11:55:00,7623.5,7625.25,7622.25,7623.5,15149,-2045,0,0,0
2026-06-02 13:10:00,7619.25,7621.75,7618,7618.5,6050,-4575,0,0,0
2026-06-02 13:15:00,7618.5,7618.75,7616.5,7617.25,3457,-4663,0,0,0
2026-06-02 13:20:00,7617.25,7619,7616.5,7617.75,3090,-88,0,0,0
2026-06-03 08:30:00,7570,7573.5,7569,7571,9977,-7,0,0,0
2026-06-03 08:35:00,7571,7571.25,7565.75,7566,8844,-36,0,0,0
2026-06-03 08:40:00,7566,7567.75,7562.5,7567.75,13584,-79,0,0,0
2026-06-03 08:45:00,7567.75,7573.25,7567.5,7572.75,10783,-14,0,0,0
2026-06-03 08:50:00,7572.75,7575,7570.5,7572.5,11648,5,0,0,0
2026-06-03 08:55:00,7572.75,7578.75,7571,7578.25,12174,-14,0,0,0
2026-06-03 09:00:00,7578.25,7578.5,7573,7574,7910,-13,0,0,0
2026-06-03 09:05:00,7573.75,7578.75,7572,7576,10443,-9,0,0,0
2026-06-03 09:10:00,7576,7576.75,7568,7570,10236,-60,0,0,0
2026-06-03 09:15:00,7569.75,7571,7567,7568.75,6949,-56,0,0,0
2026-06-03 09:20:00,7568.75,7572.75,7568.25,7572.5,5483,-56,0,0,0
2026-06-03 09:25:00,7572.5,7573.75,7570.25,7573.25,5416,-33,0,0,0
2026-06-03 09:30:00,7573.25,7576.25,7568.75,7576,8194,-31,0,0,0
2026-06-03 09:35:00,7576.25,7578.75,7575,7577.25,6488,-37,0,0,0
2026-06-03 09:40:00,7577,7581,7576.5,7579.25,6685,-53,0,0,0
2026-06-03 09:45:00,7579.25,7580.5,7577.75,7579.25,4953,-48,0,0,0
2026-06-03 09:50:00,7579.5,7583.75,7579.25,7583.75,6962,-47,0,0,0
2026-06-03 09:55:00,7583.75,7585,7582.5,7583,5915,-30,0,0,0
2026-06-03 10:00:00,7583.25,7583.75,7581,7582.75,5721,-34,0,0,0
2026-06-03 10:05:00,7582.75,7583,7579.75,7580.75,4654,-71,0,0,0
2026-06-03 10:10:00,7580.75,7582.25,7578.5,7580.5,4640,-73,0,0,0
2026-06-03 10:15:00,7580.75,7582.25,7577,7582.25,6842,-112,0,0,0
2026-06-03 10:20:00,7582.25,7584.5,7578.25,7584.25,7223,-100,0,0,0
2026-06-03 10:25:00,7584.5,7587.75,7584,7587.25,7993,-98,0,0,0
2026-06-03 10:30:00,7587,7588,7584.25,7584.75,6075,-128,0,0,0
2026-06-03 10:35:00,7646.25,7646.25,7640,7643.75,62,-130,0,0,0
2026-06-03 10:40:00,7642,7643.5,7639.5,7641.75,22,-91,0,0,0
2026-06-03 10:45:00,7642,7642,7637,7642,61,39,0,0,0
2026-06-03 10:50:00,7583.25,7585,7582.25,7583.75,4126,-137,0,0,0
2026-06-03 10:55:00,7583.5,7585,7582.75,7583.25,3300,-151,0,0,0
2026-06-03 11:00:00,7583.25,7583.5,7575.75,7577.75,11816,-156,0,0,0
2026-06-03 11:05:00,7577.75,7581.25,7577.5,7578.75,5428,-150,0,0,0
2026-06-03 11:10:00,7579,7579.25,7574.25,7577.5,7506,-121,0,0,0
2026-06-03 11:15:00,7577.5,7581.75,7576.25,7578.75,8153,-150,0,0,0
2026-06-03 11:20:00,7578.5,7579.25,7574.25,7574.25,5399,-167,0,0,0
2026-06-03 11:25:00,7574.5,7576,7573.25,7575.75,5538,-148,0,0,0
2026-06-03 11:30:00,7575.75,7577,7573.5,7575.5,5918,-189,0,0,0
2026-06-03 11:35:00,7575.5,7581.75,7574.75,7581,6824,-213,0,0,0
2026-06-03 11:40:00,7580.75,7582.75,7579.75,7580.75,5867,-203,0,0,0
2026-06-03 11:45:00,7567.75,7573.25,7567.5,7572.75,10783,-217,0,0,0
2026-06-03 11:50:00,7572.75,7575,7570.5,7572.5,11648,-160,0,0,0
2026-06-03 11:55:00,7572.75,7578.75,7571,7578.25,12174,-223,0,0,0
2026-06-03 12:00:00,7578.25,7578.5,7573,7574,7910,-244,0,0,0
2026-06-03 12:05:00,7573.75,7578.75,7572,7576,10443,-248,0,0,0
2026-06-03 12:10:00,7576,7576.75,7568,7570,10236,-254,0,0,0
2026-06-03 13:05:00,7644.5,7645,7642.75,7643,9,-191,0,0,0
2026-06-03 13:10:00,7643.25,7643.75,7641.5,7643.75,16,-187,0,0,0
2026-06-03 13:15:00,7640.75,7641.5,7638.75,7641.5,30,4,0,0,0
2026-06-04 08:30:00,7593.5,7593.5,7588.5,7591.25,9535,42,0,0,0
2026-06-04 08:35:00,7591.25,7596.5,7590.75,7595.5,6855,27,0,0,0
2026-06-04 08:40:00,7595.5,7596.75,7593.75,7595.75,4970,26,0,0,0
2026-06-04 08:45:00,7595.75,7596.5,7593.75,7595.25,4275,22,0,0,0
2026-06-04 08:50:00,7595.25,7597.5,7595,7596.75,5260,-79,0,0,0
2026-06-04 08:55:00,7596.75,7597.5,7596,7596.25,2765,-86,0,0,0
2026-06-04 09:00:00,7596.25,7597.25,7594,7595.25,5175,-83,0,0,0
2026-06-04 09:05:00,7595.25,7597.75,7594,7597.25,3998,-81,0,0,0
2026-06-04 09:10:00,7597.25,7598,7595.25,7596.25,4473,-66,0,0,0
2026-06-04 09:15:00,7596.25,7597,7595,7596.5,2497,-121,0,0,0
2026-06-04 09:20:00,7596.5,7597,7594.25,7596.25,3413,-94,0,0,0
2026-06-04 09:25:00,7596.25,7600,7596.25,7599.25,5952,-106,0,0,0
2026-06-04 09:30:00,7599.25,7602.5,7598.5,7600.5,8900,-107,0,0,0
2026-06-04 09:35:00,7600.5,7600.75,7598.25,7599.25,4161,-88,0,0,0
2026-06-04 09:40:00,7599.25,7601.25,7599.25,7600.5,2416,-94,0,0,0
2026-06-04 09:45:00,7628.75,7633.25,7624.5,7626,16,-95,0,0,0
2026-06-04 09:50:00,7628.5,7629.75,7626,7629.75,15,-69,0,0,0
2026-06-04 09:55:00,7629.25,7634.5,7629.25,7634.5,30,26,0,0,0
2026-06-04 10:00:00,7604.75,7606.75,7603.75,7605.75,7715,569,0,0,0
2026-06-04 10:05:00,7605.5,7606.75,7604.5,7605.5,3693,-307,0,0,0
2026-06-04 10:10:00,7605.5,7606.75,7604.5,7604.75,2782,-32,0,0,0
2026-06-04 10:15:00,7605,7607,7603.5,7606.75,5130,254,0,0,0
2026-06-04 10:20:00,7606.75,7607.5,7605.5,7606,4235,-197,0,0,0
2026-06-04 10:25:00,7606.25,7607.25,7605.5,7606.25,2689,-437,0,0,0
2026-06-04 10:30:00,7606.25,7607,7604.25,7606,3201,-439,0,0,0
2026-06-04 10:35:00,7606,7607.5,7605.5,7606,3222,146,0,0,0
2026-06-04 10:40:00,7606,7606.5,7605,7605.75,2012,114,0,0,0
2026-06-04 10:45:00,7605.75,7607.75,7604.75,7606.75,3018,54,0,0,0
2026-06-04 10:50:00,7607,7607.5,7606,7606.25,1761,-151,0,0,0
2026-06-04 10:55:00,7606.5,7606.5,7603,7604.25,5098,-866,0,0,0
2026-06-04 11:00:00,7604.5,7607.25,7604.25,7607.25,3596,652,0,0,0
2026-06-04 11:05:00,7607,7609,7606.75,7607.25,5390,476,0,0,0
2026-06-04 11:10:00,7607.25,7607.75,7605,7606,4794,-288,0,0,0
2026-06-04 11:15:00,7606,7606.25,7604,7605,4238,-26,0,0,0
2026-06-04 11:20:00,7605.25,7608.25,7604.75,7608,4130,540,0,0,0
2026-06-04 11:25:00,7608,7611.5,7607.5,7610.75,6282,1384,0,0,0
2026-06-04 11:30:00,7610.75,7611.5,7609.25,7609.75,4696,-192,0,0,0
2026-06-04 11:35:00,7609.75,7611,7609,7610.25,3158,160,0,0,0
2026-06-04 11:40:00,7610.25,7610.25,7606,7606.25,5248,-774,0,0,0
2026-06-04 11:45:00,7606.25,7607.5,7604.5,7606.75,5692,-88,0,0,0
2026-06-04 11:50:00,7606.75,7608.5,7602.25,7604.25,13876,-894,0,0,0
2026-06-04 11:55:00,7604,7604.25,7598.25,7599.75,28401,-2785,0,0,0
2026-06-05 08:30:00,7471.75,7472.5,7463,7466.75,20173,-46,0,0,0
2026-06-05 08:35:00,7466.75,7470,7461,7466.75,15453,-143,0,0,0
2026-06-05 08:40:00,7466.75,7468.5,7453.25,7456.75,20869,-171,0,0,0
2026-06-05 08:45:00,7456.5,7460.25,7448.75,7460.25,24649,-147,0,0,0
2026-06-05 08:50:00,7460.25,7471,7457,7469.75,22705,-460,0,0,0
2026-06-05 08:55:00,7524.25,7524.75,7510.75,7511.5,26897,-303,0,0,0
2026-06-05 09:00:00,7511.5,7520.25,7505.75,7513.75,53036,-169,0,0,0
2026-06-05 09:05:00,7514,7522.5,7508.75,7522,33867,-172,0,0,0
2026-06-05 09:10:00,7459.5,7461,7453.75,7458.5,12124,-146,0,0,0
2026-06-05 09:15:00,7458.5,7459.75,7452.5,7457.25,10813,-204,0,0,0
2026-06-05 09:20:00,7457.25,7466,7452.25,7465,13935,-186,0,0,0
2026-06-05 09:25:00,7465,7465.5,7458.25,7464.75,11834,-180,0,0,0
2026-06-05 09:30:00,7464.75,7467.25,7459.75,7466.75,11815,-196,0,0,0
2026-06-05 09:35:00,7466.5,7474.25,7466.5,7473.75,13592,-161,0,0,0
2026-06-05 09:40:00,7473.75,7477.75,7460.75,7462.5,18112,-152,0,0,0
2026-06-05 09:45:00,7462.75,7468,7460.5,7464.25,13670,-153,0,0,0
2026-06-05 09:50:00,7464.25,7466.25,7461.75,7465.5,8637,-147,0,0,0
2026-06-05 09:55:00,7465.5,7471.75,7464.5,7471.5,7319,-152,0,0,0
2026-06-05 10:00:00,7471.5,7472.5,7458.25,7458.5,13627,-157,0,0,0
2026-06-05 10:05:00,7458.25,7460.5,7455.25,7456.75,12465,-175,0,0,0
2026-06-05 10:10:00,7456.5,7458.75,7445.5,7445.75,17653,-176,0,0,0
2026-06-05 10:15:00,7446,7446.25,7437.25,7438.75,26275,-230,0,0,0
2026-06-05 10:20:00,7438.75,7444.5,7438,7439.75,19154,-220,0,0,0
2026-06-05 10:25:00,7439.5,7440,7429.5,7433.5,23069,-227,7422,7412,608
2026-06-05 10:30:00,7433.25,7435.75,7428.5,7430.75,15368,-289,7415,7407,504
2026-06-05 10:35:00,7431,7432.5,7425.5,7430.5,16724,-297,7401.75,7393.25,481
2026-06-05 10:40:00,7430.5,7431,7421.75,7424.75,16154,-374,7391.75,7379.75,497
2026-06-05 10:45:00,7424.75,7424.75,7410.25,7421,29798,-352,7390.5,7383,610
2026-06-05 10:50:00,7420.75,7423.5,7409,7413.75,21810,-351,7404.5,7393.25,424
2026-06-05 10:55:00,7413.75,7426.25,7412,7416.5,35280,-366,7404.5,7393.25,424
2026-06-05 11:00:00,7416.25,7418.25,7407,7415,23166,-418,7406,7397,454
2026-06-05 11:05:00,7415,7415.75,7399.5,7404.5,23223,-432,7409.75,7402.25,496
2026-06-05 11:10:00,7404.5,7405.25,7393.25,7396.75,23566,-440,7407.25,7394.75,470
2026-06-05 11:15:00,7396.75,7396.75,7379.75,7388,34260,-419,7410.75,7401,434
2026-06-05 11:20:00,7387.75,7393.75,7383,7393.5,26860,-437,7418.75,7409,598
2026-06-05 11:25:00,7475.75,7480,7471.5,7471.75,10978,-482,0,0,0
2026-06-05 11:30:00,7471.75,7472.5,7463,7466.75,20173,-481,0,0,0
2026-06-05 11:35:00,7466.75,7470,7461,7466.75,15453,-531,0,0,0
2026-06-05 11:40:00,7411.75,7412.5,7394.75,7402.75,33841,-544,7409.75,7402.25,496
2026-06-05 11:45:00,7402.75,7414.75,7401,7412.5,24294,-521,7409.75,7402.25,496
2026-06-05 11:50:00,7412.5,7423,7409,7416.5,34073,-512,7407.25,7394.75,470
2026-06-05 11:55:00,7416.25,7416.25,7397.25,7400.25,45857,-551,7410.75,7401,434
2026-06-05 13:35:00,7492.5,7493.75,7487,7491.75,81,-846,0,0,0
2026-06-05 13:40:00,7490,7490,7482.5,7486.25,117,-61,0,0,0
2026-06-05 13:45:00,7486.25,7486.25,7472,7481.25,146,4,0,0,0
2026-06-05 13:50:00,7482.25,7482.5,7470.5,7475,102,-24,0,0,0
2026-06-05 13:55:00,7476.5,7487.75,7473.5,7477.25,273,-45,0,0,0
2026-06-08 08:30:00,7444,7448.75,7441.25,7441.75,11494,-8180,0,0,0
2026-06-08 08:35:00,7441.75,7446.75,7437.25,7439.75,13740,-6195,0,0,0
2026-06-08 08:40:00,7439.75,7445.75,7438,7443.5,11493,-6533,0,0,0
2026-06-08 08:45:00,7450.5,7458.75,7444,7448.75,24998,-5246,7449.25,7437.75,417
2026-06-08 08:50:00,7449,7460.5,7442.25,7455.25,20831,-11055,7455,7442.25,282
2026-06-08 08:55:00,7455.25,7456.75,7431,7431.5,29617,-11169,7449,7431,285
2026-06-08 09:00:00,7431.5,7446.75,7429,7435,32550,-9253,7441.5,7429,452
2026-06-08 09:05:00,7434.75,7448.5,7433.5,7446.25,22406,-9811,7441.5,7429,452
2026-06-08 09:10:00,7446.25,7447.75,7437,7439.5,19748,-10633,7444.5,7437,449
2026-06-08 09:15:00,7439.5,7441.25,7431.5,7438.75,18580,-9256,7444.5,7437,449
2026-06-08 09:20:00,7438.75,7446.75,7434.5,7444.5,18229,-8084,7438.25,7431.5,465
2026-06-08 09:25:00,7444.5,7453.25,7442.25,7447.75,21440,-6589,7443,7434.5,365
2026-06-08 09:30:00,7447.75,7452.5,7445.75,7451.5,12971,-4849,7450,7442.25,476
2026-06-08 09:35:00,7451.75,7459.5,7450,7455.25,19462,-7757,7450.5,7445.75,463
2026-06-08 09:35:14,7450,7451,7449,7450.5,500,0,7456.75,7450,499
2026-06-08 09:40:00,7455.25,7458,7442,7448.5,21828,-5041,7453.25,7442,336
2026-06-08 09:45:00,7448.25,7466.25,7448.25,7458.5,26062,-3887,7453.25,7442,336
2026-06-08 09:50:00,7458.75,7466.5,7456,7463.75,14896,-992,7463.5,7456,346
2026-06-08 09:55:00,7464,7473.5,7459.25,7473.25,15133,-1100,7463.5,7456,346
2026-06-08 10:00:00,7473.25,7476.25,7469,7469.25,15628,163,7474,7469,521
2026-06-08 10:05:00,7469.25,7476.75,7468.5,7474.25,11329,-1286,7474,7469,521
2026-06-08 10:10:00,7474.5,7475.25,7469.75,7470.5,8155,-2509,0,0,0
2026-06-08 10:15:00,7470.75,7474.75,7467,7471.5,16539,-2874,0,0,0
2026-06-08 10:20:00,7471.5,7473.75,7464,7472.25,14511,-7558,0,0,0
2026-06-08 10:25:00,7472.25,7472.25,7453.75,7455.25,18908,-10721,7466.75,7453.75,252
2026-06-08 10:30:00,7455.25,7456.5,7440.75,7444,27301,-8686,7451.75,7440.75,427
2026-06-08 10:35:00,7444,7458.75,7441.25,7457.25,18089,-9384,7451.75,7440.75,427
2026-06-08 10:40:00,7457.25,7461.75,7453.75,7459.75,13414,-9388,7453.5,7441.25,255
2026-06-08 10:45:00,7459.75,7466,7455.25,7456.25,16018,-9153,7459.5,7453.75,406
2026-06-08 10:50:00,7456,7464.25,7456,7458,10931,-11331,7461.75,7456,322
2026-06-08 10:55:00,7458,7458,7447.25,7449.75,14974,-10942,7454.75,7447.25,340
2026-06-08 11:00:00,7450,7455.25,7444,7451,13709,-11310,7454.75,7447.25,340
2026-06-08 11:05:00,7450.75,7454.75,7447,7449,10566,-10547,0,0,0
2026-06-08 11:10:00,7448.75,7455,7445.75,7453,8847,-9685,0,0,0
2026-06-08 11:15:00,7453.25,7459.75,7452.5,7459.25,8428,862,0,0,0
2026-06-08 11:20:00,7459.25,7462.25,7450.75,7452.5,14654,-12257,0,0,0
2026-06-08 11:25:00,7452.75,7457,7443.25,7443.75,10912,-12837,0,0,0
2026-06-08 11:30:00,7444,7448.75,7441.25,7441.75,11494,-580,0,0,0
2026-06-08 11:35:00,7441.75,7446.75,7437.25,7439.75,13740,-14334,7446.5,7441.25,371
2026-06-08 11:40:00,7439.75,7445.75,7438,7443.5,11493,-14131,7443.5,7438,359
2026-06-08 11:45:00,7443.5,7452.25,7442.25,7447,11073,-14322,7443.5,7438,359
2026-06-08 11:50:00,7447.25,7449.5,7444.5,7446.25,8217,-15045,7448,7444.5,391
2026-06-08 11:55:00,7446.25,7447.25,7441,7441.5,7661,-18793,7445.5,7441,295
2026-06-08 12:00:00,7441.5,7442,7425.5,7429.75,21266,-18671,7437,7425.5,317
2026-06-08 12:05:00,7429.75,7437.25,7428,7430.75,13800,-19000,7437,7425.5,317
2026-06-08 12:06:24,7446,7447,7445,7446.5,500,0,7429.5,7423,407
2026-06-08 12:10:00,7430.75,7432.25,7423,7431.5,15453,-20162,7430.75,7423,323
2026-06-08 12:15:00,7431.25,7434,7423,7426,14536,-20064,7428.75,7423.25,321
2026-06-08 12:20:00,7426,7431,7423.25,7427,10286,-17996,7437.75,7425.75,243
2026-06-08 12:25:00,7427,7443,7425.75,7442.75,16994,-19310,7442.25,7432.25,308
2026-06-08 12:30:00,7442.25,7446.5,7432.25,7438.25,17846,-20277,7442.25,7432.25,308
2026-06-08 12:35:00,7438.25,7439.5,7427.75,7434.25,13039,-21258,7432.75,7426,253
2026-06-08 12:40:00,7434,7435.75,7426,7426.25,10105,-981,0,0,0
2026-06-08 12:45:00,7426.5,7436.5,7426.25,7436.25,11327,203,0,0,0
2026-06-08 12:50:00,7436.25,7439.75,7432,7437.25,9318,-44,0,0,0
2026-06-08 12:55:00,7437.25,7438,7431.25,7433.75,8250,-21025,7436,7431.25,295
2026-06-08 13:00:00,7433.75,7441.75,7433.5,7438.5,10890,-21081,7453.25,7450,75
2026-06-08 13:05:00,7438.5,7445.75,7438.25,7441.25,10148,-22335,7453.25,7450,75
2026-06-08 13:10:00,7442,7443.5,7432.75,7435,11542,-21766,7452.25,7449.25,56
2026-06-08 13:15:00,7435,7440.5,7434.75,7438.25,6935,-21636,7451.5,7448.75,68
2026-06-08 13:20:00,7438.5,7441.5,7435,7440,6358,-21573,7451.5,7448.75,68
2026-06-08 13:25:00,7439.75,7443.5,7438,7442,5993,-21628,7449.75,7447,58
2026-06-08 13:30:00,7442.25,7447.25,7440,7440.25,8909,-23267,7449.75,7447,58
2026-06-08 13:35:00,7440.25,7443.5,7431,7432,9843,-23934,7447,7444.75,48
2026-06-08 13:40:00,7432,7436,7430.25,7431.5,9943,-24286,7448.75,7446.25,81
2026-06-08 13:45:00,7431.5,7438,7431.25,7432.5,8040,-24272,7448.75,7446.25,81
2026-06-08 13:50:00,7432.75,7436.25,7431.25,7435,5564,-24750,7449.5,7446.25,93
2026-06-08 13:55:00,7435.25,7437.75,7431,7431.75,5828,-24629,7449,7445.5,54
2026-06-08 14:00:00,7432,7434.25,7427.25,7432,9851,-26560,7449,7445.5,54
2026-06-08 14:05:00,7432,7434,7424.25,7424.25,8553,-28812,7444.5,7443,176
2026-06-08 14:10:00,7424,7424.5,7414.75,7414.75,18810,-29589,7444.5,7443,176
2026-06-08 14:15:00,7415,7418.5,7411.5,7414.5,14875,-31394,7446.75,7443.75,104
2026-06-08 14:20:00,7414.5,7419.25,7406.25,7407.25,16631,-30762,7446.25,7443,68
2026-06-08 14:25:00,7407.25,7414.75,7403.75,7414.5,14676,-30561,7444,7442.25,138
2026-06-08 14:30:00,7414.5,7424.25,7413.5,7417,19109,-29971,7444.25,7441.5,91
2026-06-08 14:35:00,7417.25,7421.5,7413,7416.25,13088,-29225,7444.25,7441.5,91
2026-06-08 14:40:00,7416,7420,7411.25,7416,13472,-28341,7450.5,7443.5,87
2026-06-08 14:45:00,7415.75,7421.75,7413.5,7415.5,10620,-27805,7450.5,7443.5,87
2026-06-08 14:50:00,7415.75,7422.25,7410.5,7414.75,20624,-29011,7451.25,7448.5,110
2026-06-08 14:55:00,7415,7418.25,7411.75,7415.5,24052,-29469,7451.25,7448.5,110
2026-06-08 15:00:00,7416,7418.75,7411.25,7417.5,7416,-29752,7448.75,7446.25,125
2026-06-09 08:30:00,7458.5,7463.75,7454.5,7458.25,24875,138,7466.5,7456.75,440
2026-06-09 08:35:00,7458.5,7470.75,7456.75,7466,25094,198,7471.75,7463.25,416
2026-06-09 08:40:00,7466,7475.5,7463.25,7475.25,20793,293,7471.75,7463.25,416
2026-06-09 08:45:00,7475,7491,7474,7489.75,29948,239,7485,7473,423
2026-06-09 08:50:00,7489.5,7490,7473,7473.75,29179,198,7473,7464,538
2026-06-09 08:55:00,7473.5,7476.75,7464,7465.5,27968,164,7473,7464,538
2026-06-09 09:00:00,7465.5,7472.5,7459.5,7462.75,29063,180,7468.75,7459.5,548
2026-06-09 09:05:00,7525.25,7531.25,7524.25,7525.5,62,89,0,0,0
2026-06-09 09:10:00,7522.75,7522.75,7498.25,7500,257,57,0,0,0
2026-06-09 09:15:00,7498.25,7502.5,7478,7485,404,114,0,0,0
2026-06-09 09:20:00,7422.75,7441.75,7415.5,7441,40111,47,7439.25,7429.5,549
2026-06-09 09:25:00,7440.75,7443.5,7429.5,7433.25,31290,37,7439.25,7429.5,549
2026-06-09 09:30:00,7433.25,7439,7425,7433.5,30325,57,7434,7426,514
2026-06-09 09:35:00,7433.5,7437.25,7426,7430.75,23634,-23,7434,7426,514
2026-06-09 09:40:00,7430.75,7434.25,7405.5,7407.75,30956,84,7399,7371.75,422
2026-06-09 09:45:00,7407.75,7410.5,7371.75,7374,65825,56,7381.75,7367.75,645
2026-06-09 09:50:00,7374,7387.5,7367.75,7387.25,51564,94,7393.5,7379.5,386
2026-06-09 09:55:00,7387.25,7399.5,7379.5,7399,31294,121,7393.5,7379.5,386
2026-06-09 10:00:00,7399.25,7402.75,7390.75,7391.25,28411,95,7399.25,7390.75,580
2026-06-09 10:05:00,7391.5,7401.5,7384.25,7400.75,25849,99,7396.25,7384.25,369
2026-06-09 10:10:00,7401,7405.5,7390,7396.5,22136,85,7401,7390,351
2026-06-09 10:15:00,7396.75,7399,7383.25,7384,20814,25,7394.25,7383.25,325
2026-06-09 10:20:00,7383.75,7388.5,7362.25,7362.5,29842,-185,7353,7329.25,357
2026-06-09 10:25:00,7362.75,7363.25,7329.25,7331.5,48893,-73,7335.5,7326,830
2026-06-09 10:30:00,7331.75,7339.5,7326,7334,45675,-33,0,0,0
2026-06-09 10:35:00,7334.25,7339.25,7327,7336,34203,-30,0,0,0
2026-06-09 10:40:00,7336,7346.25,7333.75,7339.5,28420,-24,0,0,0
2026-06-09 10:45:00,7339.75,7343.75,7337.25,7341.25,17268,-23,7341.75,7337.25,640
2026-06-09 10:50:00,7341,7349,7331.75,7333,25593,-12,7327.5,7311,406
2026-06-09 10:55:00,7332.75,7334.5,7311,7312.5,38613,68,0,0,0
2026-06-09 11:00:00,7312.5,7327.25,7311,7317.75,36996,108,0,0,0
2026-06-09 11:05:00,7317.5,7319,7299.25,7304.75,34615,165,0,0,0
2026-06-09 11:10:00,7304.5,7315,7299.5,7307,28767,169,7310.5,7299.5,457
2026-06-09 11:15:00,7307,7307.25,7278.75,7281,41049,360,7298.75,7278.75,357
2026-06-09 11:20:00,7281.25,7296.75,7274.5,7296.25,41586,428,7290,7274.5,462
2026-06-09 11:25:00,7296,7303,7290.25,7295,26538,492,7301,7285,363
2026-06-09 11:30:00,7295,7307.75,7285,7294.25,33373,340,7301,7285,363
2026-06-09 11:35:00,7294.5,7305.5,7250.5,7254.75,43701,332,7285.25,7250.5,219
2026-06-09 11:40:00,7255.5,7271,7247,7268,40279,331,7274,7262.5,425
2026-06-09 11:45:00,7268,7278.75,7262.5,7270,28036,404,7274,7262.5,425
2026-06-09 11:50:00,7270,7276.25,7257.5,7258.25,23858,490,7270.75,7257.5,314
2026-06-09 11:55:00,7258.25,7288.25,7257,7287.25,23421,553,7301.5,7285.25,273
2026-06-09 12:00:00,7287.5,7308.25,7285.25,7305.5,25360,556,7301.5,7285.25,273
2026-06-09 12:05:00,7305.25,7309.75,7296.75,7304,17023,602,7306,7296.75,321
2026-06-09 12:10:00,7303.75,7312,7293,7307,18558,630,7315.5,7300.5,215
2026-06-09 12:15:00,7307,7322,7300.5,7320.5,18663,655,7315.5,7300.5,215
2026-06-09 12:20:00,7320.25,7334.5,7316.5,7326,26046,654,7329.25,7316.5,357
2026-06-09 12:25:00,7326,7334,7320.25,7329,15096,674,7334.25,7323.25,259
2026-06-09 12:30:00,7328.75,7338.75,7323.25,7338.5,16287,680,7334.25,7323.25,259
2026-06-09 12:35:00,7338.5,7347.25,7331.5,7342.5,16198,713,7342.5,7331.5,253
2026-06-09 12:40:00,7342.75,7361,7340.5,7351,17900,684,7355,7340.5,216
2026-06-09 12:45:00,7351.25,7353.75,7331,7333.5,20516,734,7347.25,7333.25,217
2026-06-09 12:50:00,7333.5,7353.25,7333.25,7346.5,17551,745,7351,7345.25,330
2026-06-09 12:55:00,7408,7413.75,7407.75,7407.75,47,752,0,0,0
2026-06-09 13:00:00,7407.75,7415,7403.75,7407.25,99,789,0,0,0
2026-06-09 13:05:00,7409,7420,7406.5,7419,61,803,0,0,0
2026-06-09 13:10:00,7416.25,7417.25,7408.5,7417.25,62,832,0,0,0
2026-06-09 13:15:00,7414,7428,7408.75,7427.75,149,29,0,0,0
2026-06-09 13:20:00,7428.25,7434.5,7420.25,7433,123,-5,0,0,0
2026-06-09 13:25:00,7433.5,7434.25,7423.25,7434,148,32,0,0,0
2026-06-09 13:30:00,7373,7384,7370.5,7378.75,15788,-28199,7318.75,7307,118
2026-06-09 13:35:00,7378.75,7384.75,7375.75,7381.25,8686,-30867,7325.5,7319.75,133
2026-06-09 13:40:00,7381.75,7382,7364.75,7366,13970,-29867,7325.5,7319.75,133
2026-06-09 13:45:00,7366.25,7377.25,7365,7377.25,10754,-29714,7328.5,7321,70
2026-06-09 13:50:00,7377.25,7384,7373,7378.5,8699,-28614,7330.25,7320.5,87
2026-06-09 13:55:00,7378.5,7393.5,7377.75,7389.5,11798,-28334,7325.5,7319.75,133
2026-06-09 14:00:00,7389.5,7396.25,7383,7395,11442,-29230,7330.25,7320.5,87
2026-06-09 14:05:00,7394.75,7398.75,7385.75,7386.5,11130,-30034,7330.25,7320.5,87
2026-06-09 14:10:00,7386.75,7386.75,7373.25,7374.5,13866,-32044,7318.75,7305.25,127
2026-06-09 14:15:00,7375,7376.25,7356.5,7358.25,21718,-31852,7316.5,7309,109
2026-06-09 14:20:00,7358.5,7365.5,7353.5,7361.5,16266,-31041,7314.5,7306.5,82
2026-06-09 14:25:00,7361.25,7370.5,7356.75,7367.75,12371,-31390,7312.5,7306.75,105
2026-06-09 14:30:00,7367.5,7372,7362,7367.25,11989,-32441,7314.25,7309,114
2026-06-09 14:35:00,7367.5,7368.75,7357,7357.75,10277,-33490,7320.75,7313.75,94
2026-06-09 14:40:00,7357.75,7360.75,7347.75,7356.25,16717,-33830,7324.5,7319,96
2026-06-09 14:45:00,7356.25,7360,7347.5,7352.5,11146,-31132,7323.5,7319.75,152
2026-06-09 14:50:00,7352.75,7384.5,7352.75,7383.75,25868,-31331,7327.5,7322.75,150
2026-06-09 14:55:00,7383.5,7395.25,7382.25,7391.75,30679,-31184,7314.25,7309,114
2026-06-09 15:00:00,7391.75,7399,7384,7399,13803,-31752,7320.75,7313.75,94
2026-06-10 08:30:00,7355,7360.25,7338.25,7338.25,32847,54,7353.75,7338.25,369
2026-06-10 08:35:00,7338.5,7373.25,7335.25,7366.5,42560,159,7362,7335.25,278
2026-06-10 08:40:00,7366.25,7382.5,7353,7382,35001,260,7373.75,7353,294
2026-06-10 08:45:00,7382,7390.25,7373.75,7386.75,28926,267,7381.25,7367.75,357
2026-06-10 08:50:00,7387,7387,7367.75,7377,27817,246,7381.25,7367.75,357
2026-06-10 08:55:00,7377.25,7387.75,7373.25,7378,23343,345,7383.5,7373.25,396
2026-06-10 09:00:00,7378.25,7393.5,7370.75,7386.5,31477,418,7386.75,7370.75,342
2026-06-10 09:05:00,7386.25,7395,7379.25,7391.75,21088,691,7390.25,7379.25,330
2026-06-10 09:10:00,7391.75,7397,7385,7387.5,28716,627,7393.5,7385,586
2026-06-10 09:15:00,7387.75,7391.75,7378.5,7386,23833,732,7387.75,7378.5,441
2026-06-10 09:20:00,7386,7404.75,7382.5,7403,24236,738,7399.5,7386.75,321
2026-06-10 09:25:00,7403,7404.75,7386.75,7392.75,23408,705,7399.5,7386.75,321
2026-06-10 09:30:00,7392.5,7399.25,7378.25,7399.25,29012,654,7393,7378.25,341
2026-06-10 09:35:00,7399,7400,7380.5,7386,22599,606,7388.25,7376.25,303
2026-06-10 09:40:00,7385.75,7393.25,7376.25,7376.5,20893,537,7388.25,7376.25,303
2026-06-10 09:45:00,7376.5,7381.75,7365.5,7370,33557,509,7377,7365.5,508
2026-06-10 09:50:00,7370.25,7377.75,7362.25,7366.75,29221,304,7362,7343,347
2026-06-10 09:55:00,7366.5,7370,7343,7348.75,37811,348,7357.5,7339.75,342
2026-06-10 10:00:00,7349.25,7365,7339.75,7351.5,34925,309,7357.5,7339.75,342
2026-06-10 10:05:00,7351.5,7353,7337.75,7338.5,21985,280,7336.75,7326.75,541
2026-06-10 10:10:00,7338.5,7341,7326.75,7327.5,31386,186,7324.5,7315.5,569
2026-06-10 10:15:00,7327.5,7328.25,7315.5,7322.25,29607,251,7324.5,7315.5,569
2026-06-10 10:20:00,7322.25,7344.25,7320.75,7339,28536,278,7337.25,7320.75,300
2026-06-10 10:25:00,7338.5,7346.25,7334.5,7334.75,21929,303,7342.75,7334.5,457
2026-06-10 10:30:00,7334.75,7344,7325.75,7330.75,24129,333,7338.5,7325.75,326
2026-06-10 10:35:00,7390.75,7398,7382,7388.25,382,30,0,0,0
2026-06-10 10:40:00,7388.75,7406.75,7385.5,7404,319,63,0,0,0
2026-06-10 10:45:00,7403,7409,7370.5,7381.75,1291,-141,0,0,0
2026-06-10 10:50:00,7320,7337,7305.25,7328.25,32488,4916,7336,7321.5,216
2026-06-10 10:55:00,7328.25,7342,7321.5,7340,17909,5273,7336,7321.5,216
2026-06-10 11:00:00,7340.25,7346,7330.5,7336,20493,5468,7341.5,7330.5,325
2026-06-10 11:05:00,7335.75,7341.25,7325.75,7329.75,14885,5359,0,0,0
2026-06-10 11:10:00,7329.25,7329.75,7319.5,7323,14039,6113,0,0,0
2026-06-10 11:15:00,7322.75,7331,7321.5,7325.75,9826,6092,0,0,0
2026-06-10 11:20:00,7325.75,7329.75,7319.25,7321.75,10995,-21,0,0,0
2026-06-10 11:25:00,7321.75,7330,7320.75,7327.25,7373,7803,7327.25,7320.75,194
2026-06-10 11:30:00,7327.25,7337,7320.5,7336.25,9532,8441,7332,7320.5,142
2026-06-10 11:35:00,7336.75,7344,7330.75,7340.25,12748,7023,7338,7324.75,153
2026-06-10 11:40:00,7340.25,7343.5,7324.75,7328.75,11656,6503,7324.5,7314.5,240
2026-06-10 11:45:00,7328.75,7328.75,7314.5,7320.25,13906,6996,7327,7317.25,203
2026-06-10 11:50:00,7320,7331,7317.25,7322.75,11393,6991,7322.75,7315.25,195
2026-06-10 11:55:00,7322.75,7326,7315.25,7324,8579,8449,7330.25,7320.5,175
2026-06-10 12:00:00,7324,7334.5,7320.5,7332,9956,7449,7330.25,7320.5,175
2026-06-10 12:05:00,7332,7332.5,7315.75,7317,12258,6802,7314.75,7307.25,290
2026-06-10 12:10:00,7317,7318,7307.25,7310.75,12745,6874,7312.75,7307,287
2026-06-10 12:15:00,7310.5,7315,7307,7310.5,9484,8034,7313.75,7308,231
2026-06-10 12:20:00,7310,7316.25,7308,7315.5,7866,8814,7313.75,7308,231
2026-06-10 12:25:00,7315.25,7319,7311,7317,8104,7366,7316.75,7311,246
2026-06-10 12:30:00,7316.75,7317.5,7303.25,7309,12010,6039,7307,7301,290
2026-06-10 12:35:00,7309.5,7309.5,7301,7302.25,10149,5983,7304.25,7298.75,253
2026-06-10 12:40:00,7302.25,7306.5,7298.75,7300.25,8092,9057,7319,7299,174
2026-06-10 12:45:00,7300.5,7327.5,7299,7324,20016,9008,7321.5,7310,214
2026-06-10 12:50:00,7323.75,7326.25,7310,7320.5,14139,9502,7325.75,7318.5,232
2026-06-10 12:55:00,7320.5,7328.75,7318.5,7327.25,9754,10555,7334.75,7325.75,248
2026-06-10 13:00:00,7327,7338.5,7325.75,7337.25,12901,9821,7334.75,7325.75,248
2026-06-10 13:05:00,7337.5,7338.25,7325.25,7325.75,10166,9700,7330.75,7324.75,199
2026-06-10 13:10:00,7326,7333.25,7324.75,7328.25,6971,8686,7330.75,7324.75,199
2026-06-10 13:15:00,7328,7333.25,7315,7318.5,10948,9064,7327.75,7315,148
2026-06-10 13:20:00,7318.25,7325,7313.5,7319.75,10572,9197,7319.75,7314.5,260
2026-06-10 13:25:00,7320,7322,7314.5,7316.5,8059,7799,7319.75,7314.5,260
2026-06-10 13:30:00,7316.25,7316.5,7309.25,7311.25,9336,7217,7309,7302,320
2026-06-10 13:35:00,7311,7312,7302,7305.75,13132,7173,7307,7301.5,257
2026-06-10 13:40:00,7306,7309.25,7301.5,7305.75,8222,6634,7307,7301.5,257
2026-06-10 13:45:00,7306,7306.25,7299,7300,7677,5251,7298.25,7290.5,346
2026-06-10 13:50:00,7299.75,7301.5,7290.5,7298,15561,4973,7296.75,7290.5,257
2026-06-10 13:55:00,7298.25,7299.5,7290.5,7295,9522,5132,7296.75,7290.5,257
2026-06-10 14:00:00,7295.25,7302,7289.25,7294.25,12611,5505,7298.25,7289.25,243
2026-06-10 14:05:00,7294.25,7302,7290.5,7298.5,9985,4615,7296.25,7288.25,183
2026-06-10 14:10:00,7298.5,7299.5,7288.25,7291.5,8402,3751,7290.5,7283.5,257
2026-06-10 14:15:00,7291.75,7293.5,7283.5,7286.25,10536,3646,7284,7278.75,400
2026-06-10 14:20:00,7286,7286.25,7278.75,7282.5,12405,3606,7281.75,7276,366
2026-06-10 14:25:00,7282.25,7284,7276,7281,12094,5409,7281.75,7276,366
2026-06-10 14:30:00,7281,7293,7277.75,7290.75,16539,6090,7288.5,7277.75,267
2026-06-10 14:35:00,7291,7298,7287.75,7296.25,10793,5922,7295,7287.75,257
2026-06-10 14:40:00,7296.25,7298.75,7287.75,7293.75,11586,5755,7295.5,7287.75,257
2026-06-10 14:45:00,7294,7295.75,7283.75,7290,11431,5915,0,0,0
2026-06-10 14:50:00,7290,7300.5,7275.75,7290,22798,5255,0,0,0
2026-06-10 14:55:00,7289.75,7294,7275,7276,17976,-660,0,0,0
2026-06-10 15:00:00,7276,7279.25,7267,7274,11381,4800,7275.5,7267,228
2026-06-11 08:30:00,7369.25,7372,7352.5,7354,683,-137,0,0,0
2026-06-11 08:35:00,7292.75,7302.75,7287.5,7292.25,41863,-81,7298.25,7287.5,675
2026-06-11 08:40:00,7292.5,7296.5,7283,7291.25,35202,90,7292.5,7283,640
2026-06-11 08:45:00,7291.25,7317.75,7287.25,7305.75,56413,595,7308.75,7287.25,459
2026-06-11 08:50:00,7305.75,7335.25,7305.75,7330.25,43534,434,7326.5,7305.75,366
2026-06-11 08:55:00,7330.25,7335.25,7313.75,7317,31683,501,7329.5,7314.5,386
2026-06-11 09:00:00,7317,7335.75,7314.5,7330.5,33207,477,7326.5,7317,452
2026-06-11 09:05:00,7330.5,7330.5,7317,7320.5,24870,315,7326.5,7317,452
2026-06-11 09:10:00,7320.25,7321.75,7297.25,7298,42293,275,7314.5,7297.25,427
2026-06-11 09:15:00,7298.25,7304.5,7289,7290.5,32033,400,7308.25,7289.25,328
2026-06-11 09:20:00,7290.5,7316.25,7289.25,7311.25,35773,283,7311.25,7296.25,357
2026-06-11 09:25:00,7311.25,7317.5,7296.25,7308,30712,207,7308,7296.25,421
2026-06-11 09:30:00,7307.75,7313,7296.25,7302.75,28653,308,7308,7296.25,421
2026-06-11 09:35:00,7302.75,7320.25,7300.75,7311,30042,312,7314.5,7305,345
2026-06-11 09:40:00,7311.25,7318.5,7305,7305.5,18964,325,7314.5,7305,345
2026-06-11 09:45:00,7367.25,7370,7358.75,7361.25,335,220,0,0,0
2026-06-11 09:50:00,7362.5,7363,7351,7354,395,15,0,0,0
2026-06-11 09:55:00,7353.75,7354,7332,7336.5,525,-205,0,0,0
2026-06-11 10:00:00,7275.25,7282.5,7263,7278.5,37870,-135,7276.75,7263,479
2026-06-11 10:05:00,7279,7292.75,7272.25,7285.75,29298,-104,7286.75,7272.25,353
2026-06-11 10:10:00,7285.5,7298.25,7284,7293,23642,-134,7298.5,7286.25,308
2026-06-11 10:15:00,7293,7303.75,7286.25,7292.5,21876,-81,7298.5,7286.25,308
2026-06-11 10:20:00,7292.75,7307,7290.75,7301.75,20685,-157,7301.5,7291,246
2026-06-11 10:25:00,7302,7305.75,7291,7291,14757,-61,7301.5,7291,246
2026-06-11 10:30:00,7291,7297.75,7286.25,7294.5,16485,51,7304.25,7293.5,267
2026-06-11 10:35:00,7294.75,7308.75,7293.5,7304.25,16560,56,7304.25,7293.5,267
2026-06-11 10:40:00,7304.5,7314.25,7293.75,7298,17233,-36,7308.25,7293.75,208
2026-06-11 10:45:00,7298,7303.75,7292.5,7296.75,13339,-37,7295,7289,293
2026-06-11 10:50:00,7296.75,7297.5,7289,7292,10256,-8,7295,7289,293
2026-06-11 10:55:00,7292,7303,7287.5,7300,17117,-8,7305.5,7294.75,211
2026-06-11 11:00:00,7360.75,7370.25,7355.75,7358.75,298,0,0,0,0
2026-06-11 11:05:00,7360.25,7373,7357.25,7370.75,313,31,0,0,0
2026-06-11 11:10:00,7370.25,7381.5,7369,7378.75,306,44,0,0,0
2026-06-11 11:15:00,7318.5,7322.5,7312.75,7317.25,12224,-89,7319.5,7312.75,306
2026-06-11 11:20:00,7317.25,7319.75,7304.25,7305,14763,-44,7304.25,7297,340
2026-06-11 11:25:00,7305,7307.25,7297,7298,14259,-50,7304.25,7297,340
2026-06-11 11:30:00,7298,7317.75,7293.25,7312.75,20494,-109,7314.5,7304.75,248
2026-06-11 11:35:00,7312.5,7318.5,7304.75,7307,13879,-198,7307,7302.75,307
2026-06-11 11:40:00,7307,7308.75,7302.75,7305.75,7665,-496,7306.5,7300.5,274
2026-06-11 11:45:00,7305.75,7309,7300.5,7302.75,9583,-593,7306.5,7300.5,274
2026-06-11 11:50:00,7302.5,7303.75,7290.25,7291,12895,-652,7290,7284.25,293
2026-06-11 11:55:00,7290.75,7292.25,7284.25,7284.75,9656,-482,7287,7275,262
2026-06-11 12:00:00,7285,7292,7275,7278,18112,-482,7285,7277.25,274
2026-06-11 12:05:00,7278,7288.25,7277.25,7287.25,12345,-392,7285,7277.25,274
2026-06-11 12:10:00,7287.5,7292,7281.5,7282.75,11954,-440,7282,7273.5,223
2026-06-11 12:15:00,7283,7285.75,7273.5,7276.5,11151,-421,7282,7273.5,223
2026-06-11 12:20:00,7276.25,7281.75,7272,7280,9777,25,7313.25,7278.5,169
2026-06-11 12:25:00,7279.75,7346.5,7278.5,7345.25,33872,314,7313.25,7278.5,169
2026-06-11 12:30:00,7345.25,7371.5,7342,7362.25,61179,272,7362.25,7352.25,446
2026-06-11 12:35:00,7362.5,7366.5,7352.25,7363,25864,520,7362.25,7352.25,446
2026-06-11 12:40:00,7362.75,7386.5,7358.75,7382.25,22684,284,7378.25,7358.75,203
2026-06-11 12:45:00,7382.5,7385.5,7365.25,7368.25,19555,47,7379.5,7365.25,238
2026-06-11 12:50:00,7368.25,7369.5,7353.75,7363.25,16465,-62,7364.75,7353.75,257
2026-06-11 12:55:00,7363,7371.25,7357.5,7369,16662,-215,7367.75,7347.5,197
2026-06-11 13:00:00,7369,7376.5,7347.5,7352.5,23101,-185,7355,7345.25,275
2026-06-11 13:05:00,7352.75,7359,7345.25,7352,15383,-106,7355,7345.25,275
2026-06-11 13:10:00,7351.75,7363,7350.75,7362.75,11165,44,7359.25,7350.75,223
2026-06-11 13:15:00,7362.75,7377.75,7361,7375.5,14282,-173,7370.25,7357.75,283
2026-06-11 13:20:00,7375.5,7375.5,7357.75,7365.5,20375,-199,7367.5,7362.5,265
2026-06-11 13:25:00,7364.75,7369.5,7362.5,7364.5,7676,-203,7370.5,7362.75,153
2026-06-11 13:30:00,7364.75,7373.75,7362.75,7365.25,6872,-197,7367,7361.25,165
2026-06-11 13:35:00,7365.25,7369.5,7361.25,7363,5603,-147,7367.5,7360.5,131
2026-06-11 13:40:00,7363,7370.5,7360.5,7369.25,5381,-11,7367.5,7360.5,131
2026-06-11 13:45:00,7369.25,7379.5,7368,7378.5,8110,-64,7381.5,7377,246
2026-06-11 13:50:00,7378.5,7383.25,7377,7377.5,6401,-57,0,0,0
2026-06-11 13:55:00,7377.25,7379.5,7371.75,7377.5,8087,-2,0,0,0
2026-06-11 14:00:00,7377.5,7387,7377.25,7384,9712,3,0,0,0
2026-06-11 14:05:00,7383.75,7385.25,7372.25,7381.25,9737,59,7381.5,7372.25,184
2026-06-11 14:10:00,7381.5,7392.75,7380.5,7389.25,12622,150,7389.25,7380.5,252
2026-06-11 14:15:00,7389.5,7394.5,7387.25,7393.75,7428,283,7395,7391,266
2026-06-11 14:20:00,7393.75,7396.75,7391,7393,6379,457,7399,7391.5,213
2026-06-11 14:25:00,7393.25,7402,7391.5,7399,9162,813,7399,7391.5,213
2026-06-11 14:30:00,7399,7417.75,7398.75,7416,23151,777,7416.25,7407.5,215
2026-06-11 14:35:00,7416,7419.75,7407.5,7409,10741,774,7416.25,7407.5,215
2026-06-11 14:40:00,7471,7480,7467.75,7475.25,577,634,0,0,0
2026-06-11 14:45:00,7475,7475,7460.5,7460.5,820,477,0,0,0
2026-06-11 14:50:00,7461.25,7466.75,7454.25,7464.25,795,4,0,0,0
2026-06-11 14:55:00,7401.5,7403.75,7393.25,7394.5,35501,79,7400.75,7393.25,826
2026-06-11 15:00:00,7394.75,7402,7390.25,7397.5,7934,45,7398.5,7390.25,165
2026-06-12 08:30:00,7486.25,7487.25,7458.25,7464.5,13201,-241,0,0,0
2026-06-12 08:35:00,7464,7473.5,7462.25,7471.25,7130,-1294,0,0,0
2026-06-12 08:40:00,7408.75,7410,7374,7375.25,39975,-1439,7399.25,7374,276
2026-06-12 08:45:00,7375.25,7383,7366.5,7373,29104,-1170,7378.25,7368.25,342
2026-06-12 08:50:00,7373,7382.5,7368.25,7377.25,19812,-1070,7386,7375,231
2026-06-12 08:55:00,7377.25,7390.75,7375,7383,14773,-466,7400,7381.75,250
2026-06-12 09:00:00,7383.25,7407.75,7381.75,7404.25,26204,182,0,0,0
2026-06-12 09:05:00,7404.5,7419,7399.25,7418.25,21982,296,0,0,0
2026-06-12 09:10:00,7418.5,7421.75,7404,7409.75,20259,791,0,0,0
2026-06-12 09:15:00,7409.5,7428,7409.25,7419.75,20308,124,7419.25,7405.5,237
2026-06-12 09:20:00,7420,7425,7405.5,7408,18690,246,7419.25,7405.5,237
2026-06-12 09:25:00,7471,7481.5,7470.75,7475.5,3362,440,0,0,0
2026-06-12 09:30:00,7475.25,7484.75,7471.75,7477.5,3614,209,0,0,0
2026-06-12 09:35:00,7476.75,7491.5,7476.75,7483.75,5045,-231,0,0,0
2026-06-12 09:40:00,7421,7421.5,7395.75,7396.5,25373,-767,7413.75,7395.75,244
2026-06-12 09:45:00,7396.5,7403.5,7388.25,7391.25,25512,1035,7421.25,7390.5,260
2026-06-12 09:50:00,7391.25,7434.5,7390.5,7433.5,46051,1683,7438.25,7426.25,473
2026-06-12 09:55:00,7496,7506.5,7489,7503.75,7478,1678,0,0,0
2026-06-12 10:00:00,7503.75,7509.75,7496.25,7500.75,3665,1859,0,0,0
2026-06-12 10:05:00,7500.75,7508.5,7498.75,7504.25,2351,2137,0,0,0
2026-06-12 10:10:00,7441.25,7450.5,7438.5,7448.25,14818,2576,7450.5,7442.5,303
2026-06-12 10:15:00,7448.25,7453.75,7442.5,7453.25,13954,2968,7450.5,7442.5,303
2026-06-12 10:20:00,7453.5,7461.5,7449.25,7459.75,15218,3033,7459.25,7454.75,496
2026-06-12 10:25:00,7459.75,7461,7454.75,7458.75,12897,2889,7459.25,7454.75,496
2026-06-12 10:30:00,7458.5,7459.25,7444.5,7444.5,17101,2739,7448,7430,229
2026-06-12 10:35:00,7444.75,7455.5,7430,7436.5,23629,2653,7433.75,7424.75,293
2026-06-12 10:40:00,7436.75,7437.5,7424.75,7426.25,15210,2376,7433.75,7424.75,293
2026-06-12 10:45:00,7426.25,7435.75,7410.75,7412.25,25630,2752,7428.25,7410.75,254
2026-06-12 10:50:00,7412.25,7429.75,7408.5,7426.5,24538,2448,7419.25,7401.25,164
2026-06-12 10:55:00,7488.5,7489.5,7464,7468.5,3950,2388,0,0,0
2026-06-12 11:00:00,7468.5,7474,7461,7468.25,4694,2514,0,0,0
2026-06-12 11:05:00,7468.5,7478.25,7463.75,7475.5,3264,2726,0,0,0
2026-06-12 11:10:00,7413,7440,7406.25,7427.25,23682,2702,7433.25,7420,206
2026-06-12 11:15:00,7427.25,7439,7420,7423.25,15884,2892,7433.25,7420,206
2026-06-12 11:20:00,7423,7428.25,7416.25,7424,13009,3022,7426,7418.5,211
2026-06-12 11:25:00,7424,7429,7418.5,7423.25,9065,3074,7426,7419.25,149
2026-06-12 11:30:00,7423.25,7428.75,7419.25,7427.25,5814,2969,7426,7419.25,149
2026-06-12 11:35:00,7427.5,7428.75,7419,7424,5810,2815,7428.25,7420,163
2026-06-12 11:40:00,7424,7431.75,7420,7421.75,7839,2944,7428.25,7421.25,135
2026-06-12 11:45:00,7421.75,7431,7421.25,7430.5,5404,2916,7428.25,7421.25,135
2026-06-12 11:50:00,7430.25,7432.75,7426,7427.25,5959,2958,7429.25,7420,141
2026-06-12 11:55:00,7427.5,7433.25,7420,7432.25,7610,2879,7436.25,7431,236
2026-06-12 12:00:00,7432.5,7438.25,7431,7437.5,7075,3263,7436.25,7431,236
2026-06-12 12:05:00,7437.5,7447,7435.5,7439.5,12371,3198,7443.5,7435.5,263
2026-06-12 12:10:00,7439.75,7440.75,7429,7436.75,7007,3284,7437.25,7429,146
2026-06-12 12:15:00,7437.25,7443.25,7434.25,7442.25,7128,3254,7440.5,7434.25,193
2026-06-12 12:20:00,7442.25,7444.75,7438.75,7441.25,4439,3231,7443,7438.75,178
2026-06-12 12:25:00,7441,7443,7433.75,7438.5,5455,3140,7440.25,7433.75,144
2026-06-12 12:30:00,7438.25,7440,7430.75,7431.75,6487,3030,7437.25,7430.75,171
2026-06-12 12:35:00,7431.5,7437.25,7430.75,7434.5,4867,2858,7435.25,7430.75,180
2026-06-12 12:40:00,7434.25,7438.25,7431.75,7434,4223,2927,7436.25,7431.75,156
2026-06-12 12:45:00,7434.25,7438.75,7433.25,7435.75,3583,2888,7437.25,7433.25,156
2026-06-12 12:50:00,7435.75,7438,7433.75,7435.5,2502,2688,7436.75,7433.75,139
2026-06-12 12:55:00,7436,7436,7426,7430.5,6935,2818,7433,7426,169
2026-06-12 13:00:00,7430.5,7432.75,7426.5,7428.25,4842,2770,7431,7426.5,186
2026-06-12 13:05:00,7428.25,7430.25,7422.5,7427.25,6608,2932,7428,7422.5,207
2026-06-12 13:10:00,7426.75,7437.75,7426,7427.75,8636,2963,7434.25,7426,180
2026-06-12 13:15:00,7427.75,7430,7422,7424,6329,2896,7427.75,7422,192
2026-06-12 13:20:00,7424,7427.25,7421.75,7424.75,4023,2882,7428.75,7422.5,157
2026-06-12 13:25:00,7487.25,7494,7485.75,7493.25,1292,-14,0,0,0
2026-06-12 13:30:00,7493,7499,7492.75,7497,1015,19,0,0,0
2026-06-12 13:35:00,7497.25,7498.25,7495,7498,615,35,0,0,0
2026-06-12 13:40:00,7435.25,7441.25,7435.25,7440,6009,3096,7629.75,7625.5,250
2026-06-12 13:45:00,7440.25,7440.75,7435,7437.5,4829,3220,7633,7629,195
2026-06-12 13:50:00,7437.5,7439.25,7432.75,7438.5,5042,3257,7634.25,7631.75,263
2026-06-12 13:55:00,7438.5,7438.75,7427,7427.75,6788,3239,7635.25,7633,337
2026-06-12 14:00:00,7427.75,7438.25,7427,7437.5,6601,3278,7634,7632,211
2026-06-12 14:05:00,7437.5,7439.75,7433.25,7435.75,4778,3343,7633.25,7630.25,195
2026-06-12 14:10:00,7435.75,7436.25,7430.25,7432,4531,3337,7631.25,7628.75,347
2026-06-12 14:15:00,7431.75,7434.75,7427.5,7434.25,5061,3342,7630.5,7628.5,341
2026-06-12 14:20:00,7434,7435.25,7431.5,7434.25,3777,3280,7631.5,7628.5,228
2026-06-12 14:25:00,7434.25,7437.5,7431.25,7432.25,3879,3128,7633.25,7630.5,242
2026-06-12 14:30:00,7432,7433.75,7422.75,7423.5,7682,3153,7630.5,7627.75,243
2026-06-12 14:35:00,7423.25,7435.75,7418.5,7424,13333,3083,7628,7624.75,237
2026-06-12 14:40:00,7424.25,7429.5,7421.75,7426.25,6246,2926,7626.75,7623.25,308
2026-06-12 14:45:00,7488.5,7491.5,7485.25,7489.5,1749,3077,7624.75,7622.75,392
2026-06-12 14:50:00,7489.75,7493.25,7488.25,7492.5,2471,3127,7626,7623.75,304
2026-06-12 14:55:00,7492.5,7499.75,7492.25,7496,4110,3082,7629.25,7624.75,269
2026-06-12 15:00:00,7433.25,7439.25,7433,7437.25,5493,3047,7626.5,7620.25,372
2026-06-15 08:30:00,7599.25,7612,7598.25,7608.25,27387,4303,0,0,0
2026-06-15 08:35:00,7643.75,7645.25,7640,7640.75,5058,5127,0,0,0
2026-06-15 08:40:00,7641,7644.25,7639.25,7640.75,5565,8472,0,0,0
2026-06-15 08:45:00,7641,7641,7636.75,7638.5,6116,8418,0,0,0
2026-06-15 08:50:00,7638.75,7641.5,7638,7638.75,4431,6701,0,0,0
2026-06-15 08:55:00,7638.75,7641.5,7637.5,7640.5,3436,8534,0,0,0
2026-06-15 09:00:00,7640.5,7642.25,7634.75,7640,8913,6548,0,0,0
2026-06-15 09:05:00,7640,7641.25,7632.5,7635.5,8371,4740,0,0,0
2026-06-15 09:10:00,7635.5,7641,7634.75,7640,3980,5650,0,0,0
2026-06-15 09:15:00,7639.5,7644,7638.75,7641.5,4953,5058,0,0,0
2026-06-15 09:20:00,7641.75,7644.75,7640.5,7643.5,3209,6043,0,0,0
2026-06-15 09:25:00,7643.5,7645.5,7642,7643.25,3598,4707,0,0,0
2026-06-15 09:30:00,7643.25,7645.25,7639,7641,4639,4163,0,0,0
2026-06-15 09:35:00,7641,7643.75,7641,7642.25,2986,4120,0,0,0
2026-06-15 09:40:00,7642,7642.5,7638.75,7639.5,2387,4813,0,0,0
2026-06-15 09:45:00,7639.25,7640.25,7637.5,7639,2929,5321,0,0,0
2026-06-15 09:50:00,7639.5,7640.25,7636,7636,3230,6577,7629.75,7625.5,250
2026-06-15 09:55:00,7635.75,7636.25,7632.25,7633.75,5580,7762,7634.25,7631.75,263
2026-06-15 10:00:00,7633.75,7635,7628,7629.75,8231,7467,7635.25,7633,337
2026-06-15 10:05:00,7629.75,7633.5,7628.25,7631.5,5123,7140,7635.25,7633,337
2026-06-15 10:10:00,7631.5,7634,7631,7633.25,3701,7112,7634,7632,211
2026-06-15 10:15:00,7633.5,7635.5,7632.25,7632.75,4141,8070,7631.25,7628.75,347
2026-06-15 10:20:00,7632.75,7633.25,7630.5,7631.25,3239,9020,7630.5,7628.5,341
2026-06-15 10:25:00,7631.25,7632.75,7628,7629,3109,8148,7630.5,7628.5,341
2026-06-15 10:30:00,7628.75,7631.5,7625.5,7629.75,6249,8206,7631.5,7628.5,228
2026-06-15 10:35:00,7630,7634.75,7629,7633.75,4682,9093,7630.5,7627.75,243
2026-06-15 10:40:00,7634,7635.25,7631.75,7634,3938,10111,7630.5,7627.75,243
2026-06-15 10:45:00,7634.25,7636.25,7633,7634,4718,9785,7626.75,7623.25,308
2026-06-15 10:50:00,7633.75,7634.75,7632,7633.25,2531,10073,7624.75,7622.75,392
2026-06-15 10:55:00,7633,7634.5,7630.25,7631.5,3503,10185,7626,7623.75,304
2026-06-15 11:00:00,7631.75,7632.25,7628.75,7629.75,5209,9859,7626,7623.75,304
2026-06-15 11:05:00,7629.75,7631.25,7628.5,7630,4096,8739,7629.25,7624.75,269
2026-06-15 11:10:00,7630,7632.75,7628.5,7632,4107,8291,7626.5,7620.25,372
2026-06-15 11:15:00,7632,7634.5,7630.5,7631.5,4117,8689,7627,7616.5,400
2026-06-15 11:20:00,7631.5,7631.75,7627.75,7628.25,4124,8765,7628.5,7626.75,207
2026-06-15 11:25:00,7628.25,7629.25,7624.75,7624.75,4509,8677,7628.5,7626.75,207
2026-06-15 11:30:00,7625,7628.25,7623.25,7624.5,6475,7907,7628.5,7626.25,117
2026-06-15 11:35:00,7624.25,7625.5,7622.75,7625,4706,8122,7627.75,7625.75,78
2026-06-15 11:40:00,7624.75,7627,7623.75,7625.5,4249,7202,7625.75,7624.25,109
2026-06-15 11:45:00,7625.25,7631.25,7624.75,7629.25,7256,7347,7627.5,7625.25,62
2026-06-15 11:50:00,7629,7629,7620.25,7621.5,13404,7751,7627.5,7625.25,62
2026-06-15 11:55:00,7621.75,7631.5,7616.5,7630,24422,7300,7627.25,7625.5,104
2026-06-15 13:05:00,7629.75,7633.5,7628.25,7631.5,5123,5647,0,0,0
2026-06-15 13:10:00,7631.5,7634,7631,7633.25,3701,5664,0,0,0
2026-06-15 13:15:00,7633.5,7635.5,7632.25,7632.75,4141,5257,0,0,0
2026-06-15 14:45:00,7625.25,7631.25,7624.75,7629.25,7256,3699,0,0,0
2026-06-15 14:50:00,7629,7629,7620.25,7621.5,13404,5807,0,0,0
2026-06-15 14:55:00,7621.75,7631.5,7616.5,7630,24422,2108,0,0,0
2026-06-16 08:30:00,7628,7636.5,7624.25,7634.75,29594,-1781,0,0,0
2026-06-16 08:35:00,7634.5,7636.5,7629.75,7630,19645,-1984,0,0,0
2026-06-16 08:40:00,7629.75,7635,7628.5,7630.5,18547,53,7634,7628.75,532
2026-06-16 08:45:00,7630.25,7636.25,7628.75,7633.5,16489,-378,7634,7628.75,532
2026-06-16 08:50:00,7633.5,7635.25,7630,7631.25,10521,-4538,7633.75,7630,478
2026-06-16 08:55:00,7631.5,7632.25,7621.75,7622.75,20730,-3792,7627.5,7622.5,664
2026-06-16 09:00:00,7622.75,7629.5,7622.5,7628.5,19254,-2004,7630.25,7623.5,427
2026-06-16 09:05:00,7628.5,7633,7623.5,7633,16658,-2961,7630.25,7623.5,427
2026-06-16 09:10:00,7633,7634.25,7628,7630.25,13907,-6871,7632.5,7628,535
2026-06-16 09:15:00,7630.5,7632.75,7620.25,7621.75,21286,-10411,7621.75,7613,593
2026-06-16 09:20:00,7621.5,7625.25,7613,7617.25,29670,-11771,0,0,0
2026-06-16 09:25:00,7617.25,7621.25,7612,7612,24250,-14603,0,0,0
2026-06-16 09:30:00,7612.25,7612.5,7604,7606.75,27282,-11175,0,0,0
2026-06-16 09:35:00,7607,7617.75,7606.25,7617.75,24150,-11877,0,0,0
2026-06-16 09:40:00,7617.5,7621.5,7614.25,7614.25,18548,-12139,0,0,0
2026-06-16 09:45:00,7614.25,7616.25,7611.5,7613,13968,-262,0,0,0
2026-06-16 09:50:00,7612.75,7619,7612.5,7613.75,16472,-12463,7613.25,7606.5,501
2026-06-16 09:55:00,7613.75,7616,7606.5,7611.25,19522,-10621,7614.5,7610,578
2026-06-16 10:00:00,7611,7616.25,7610,7615,15020,-9797,7616,7611.5,458
2026-06-16 10:05:00,7615.25,7618,7611.5,7616,12368,-9089,7616,7611.5,458
2026-06-16 10:10:00,7616.25,7619.25,7612.75,7616,10770,-9347,7616.5,7611.75,305
2026-06-16 10:15:00,7615.75,7618.5,7611.75,7612,8546,-9905,7612.5,7607.5,499
2026-06-16 10:20:00,7612,7614.5,7607.5,7611,14476,-11743,7610.25,7604.5,421
2026-06-16 10:25:00,7610.5,7612.75,7604.5,7608,14316,-10671,7610.25,7604.5,421
2026-06-16 10:30:00,7608.25,7615,7608,7613.5,13960,-10693,7614,7608.25,360
2026-06-16 10:35:00,7613.5,7616.5,7608.25,7610.25,12238,-11402,7614,7608.25,360
2026-06-16 10:40:00,7610.5,7611.75,7605.75,7606.75,9899,-13277,7610,7605.75,396
2026-06-16 10:45:00,7606.75,7608.25,7598.75,7604.25,22797,-10184,7611,7602.25,380
2026-06-16 10:50:00,7604.5,7614.75,7602.25,7614.25,19387,-9544,7611,7602.25,380
2026-06-16 10:55:00,7614.25,7616.75,7609.75,7610,15498,-7154,7616,7609.5,392
2026-06-16 11:00:00,7609.75,7618.75,7609.5,7615.75,14894,-6546,7618.25,7615.25,450
2026-06-16 11:05:00,7616,7619.5,7615.25,7617.75,8104,-5081,7618.25,7615.25,450
2026-06-16 11:10:00,7617.75,7622.5,7616.25,7619,10075,-5830,7619.5,7615.5,398
2026-06-16 11:15:00,7619.25,7621.25,7615.5,7619,9543,-5745,7619.5,7615.5,398
2026-06-16 11:20:00,7619,7621.75,7616.5,7618,7889,-5778,7617.5,7614.25,389
2026-06-16 11:25:00,7617.75,7619,7614.25,7616.25,7777,-8431,7617.5,7614.25,389
2026-06-16 11:30:00,7616.25,7617.25,7607,7607.25,12761,-8268,7614.25,7607,304
2026-06-16 11:35:00,7607.25,7611,7606.75,7610.25,10481,-6153,7613,7608.25,365
2026-06-16 11:40:00,7610.25,7615,7608.25,7613.25,10213,-6806,7613.5,7610,419
2026-06-16 11:45:00,7613.25,7615,7610,7610.5,8789,-6173,7613.5,7610,419
2026-06-16 11:50:00,7610.75,7613.75,7607.25,7609,9511,-5673,7611.75,7607.25,352
2026-06-16 11:55:00,7609,7610.75,7606,7610.5,9082,-5729,7609,7605.25,292
2026-06-16 12:00:00,7610.5,7610.5,7605.25,7607.75,6414,-5659,7607.25,7605,372
2026-06-16 12:05:00,7607.75,7608,7605,7607.5,4842,-4672,7610.25,7607,382
2026-06-16 12:10:00,7607.5,7611.5,7607,7609.25,7251,-5526,7610.25,7607,382
2026-06-16 12:15:00,7609.25,7610.75,7604.25,7604.75,7682,-5620,7608.75,7604.25,285
2026-06-16 12:20:00,7604.75,7607.5,7602,7607,8838,-4962,7607,7604.25,304
2026-06-16 12:25:00,7607,7608.25,7604.25,7605.75,5174,-4946,7605.75,7603.25,350
2026-06-16 12:30:00,7605.75,7606.75,7603.25,7604.75,5248,-5787,7605.75,7603.25,350
2026-06-16 12:35:00,7605,7605.75,7598.75,7600.75,7195,-5050,7603.75,7598.75,248
2026-06-16 12:40:00,7600.75,7606,7599,7603.5,8417,-5107,7604.5,7601.25,314
2026-06-16 12:45:00,7603.5,7605.75,7601.25,7605.5,5961,-3924,7608.25,7604.25,287
2026-06-16 12:50:00,7605.75,7610,7604.25,7609.5,6891,-4152,7609.75,7605.25,267
2026-06-16 12:55:00,7609.75,7611.5,7605.25,7606,6954,-4185,7606.75,7604,402
2026-06-16 13:00:00,7605.75,7607.75,7604,7606.25,6427,-4582,7606.75,7604,402
2026-06-16 13:05:00,7606.25,7606.75,7603.5,7604,4687,-4616,7605.75,7603.5,335
2026-06-16 13:10:00,7604.25,7606.5,7603.75,7604.75,2846,-5105,7584.25,7581.5,176
2026-06-16 13:15:00,7604.5,7605.5,7601.5,7603.5,5831,-4692,7580.75,7575.75,241
2026-06-16 13:20:00,7603.5,7606,7602.5,7604.5,3369,-4614,7576,7568.5,260
2026-06-16 13:25:00,7604.25,7607.5,7604,7605.25,4730,-4916,7577.75,7574.75,268
2026-06-16 13:30:00,7605.25,7606.5,7602,7603,4930,-4541,7575,7572,352
2026-06-16 13:35:00,7602.75,7606.5,7601.5,7605,5631,-4714,7584,7576.5,174
2026-06-16 13:40:00,7605,7606,7603.25,7605.25,2901,-4857,7587.75,7582.5,140
2026-06-16 13:45:00,7605.25,7606.75,7602,7602.25,3869,-5222,7566,7531.25,166
2026-06-16 13:50:00,7602.25,7604,7601.25,7602.5,3177,-5230,7554.5,7535.5,351
2026-06-16 13:55:00,7602.5,7604.5,7600.5,7602,4334,-5608,7554.5,7535.5,351
2026-06-16 14:00:00,7601.75,7603,7597.75,7601.75,9230,-6164,7576.25,7557.25,244
2026-06-16 14:05:00,7601.75,7601.75,7597,7598,6806,-8073,7576.25,7566.5,310
2026-06-16 14:10:00,7598,7599.25,7592.5,7593.75,12769,-7968,7576.25,7566.5,310
2026-06-16 14:15:00,7593.75,7594.25,7584.75,7594,19105,-7252,7570.5,7562.25,333
2026-06-16 14:20:00,7594,7599,7592.75,7598.5,10998,-7629,7554.25,7531.5,220
2026-06-16 14:25:00,7598.25,7600.25,7594,7596.25,9121,-9166,7547.5,7536.5,444
2026-06-16 14:30:00,7596.25,7597.25,7590.5,7591,9303,-9382,7544.75,7536,330
2026-06-16 14:35:00,7591,7595,7588,7588.75,9320,-8076,7540.25,7521.25,160
2026-06-16 14:40:00,7588.5,7594.75,7587.5,7594.5,9560,-8462,7540.25,7521.25,160
2026-06-16 14:45:00,7594.25,7595,7590,7592.5,9034,-7228,7509,7497.5,313
2026-06-16 14:50:00,7592.5,7597.5,7589.25,7595,18246,-7664,7499,7488,416
2026-06-16 14:55:00,7595,7596.75,7582.75,7588,26130,-8298,7492,7472.25,238
2026-06-16 15:00:00,7588,7588.75,7581.25,7583.75,10160,-8244,7481.75,7473.25,482
2026-06-17 08:30:00,7590.25,7591.25,7585.5,7586.25,4849,-5274,0,0,0
2026-06-17 08:35:00,7586,7588.75,7584.25,7587.75,4457,-3381,0,0,0
2026-06-17 08:40:00,7587.75,7588,7582,7585,5627,-4204,0,0,0
2026-06-17 08:45:00,7584.75,7585.25,7581.75,7583,4381,-4743,0,0,0
2026-06-17 08:50:00,7583,7585.5,7582,7582.5,3461,-8672,0,0,0
2026-06-17 08:55:00,7582.75,7585.5,7581.5,7582.75,2987,-8528,0,0,0
2026-06-17 09:00:00,7582.5,7582.75,7575.75,7577.5,6975,-8341,0,0,0
2026-06-17 09:05:00,7577.25,7579,7568.5,7576.5,11177,-6398,0,0,0
2026-06-17 09:10:00,7576.5,7579,7574.75,7575,4824,-5518,0,0,0
2026-06-17 09:15:00,7575,7576.25,7572,7576.25,6339,-2345,0,0,0
2026-06-17 09:20:00,7576,7578.75,7573,7575.5,4830,-3304,0,0,0
2026-06-17 09:25:00,7575.5,7579.75,7574.25,7578.25,5748,-6966,0,0,0
2026-06-17 09:30:00,7578.25,7578.25,7572.5,7573.5,5967,-8740,0,0,0
2026-06-17 09:35:00,7573.5,7579.25,7572.75,7577.75,4963,-10431,0,0,0
2026-06-17 09:40:00,7577.5,7577.75,7573.75,7574.5,3330,-17274,0,0,0
2026-06-17 09:45:00,7574.25,7578,7573,7577,3783,-15815,0,0,0
2026-06-17 09:50:00,7577.25,7587.25,7576.5,7584.75,7634,-17563,0,0,0
2026-06-17 09:55:00,7584.75,7590,7582.5,7590,4336,-17777,0,0,0
2026-06-17 10:00:00,7589.75,7590,7531.25,7531.5,33106,-19702,0,0,0
2026-06-17 10:05:00,7531.75,7548.75,7513.75,7546.5,48299,-18071,0,0,0
2026-06-17 10:10:00,7546.5,7552,7539.75,7546.25,28163,-16433,0,0,0
2026-06-17 10:15:00,7546,7560.5,7545.75,7556.75,26069,-16523,0,0,0
2026-06-17 10:20:00,7556.75,7558.25,7539.75,7542.25,23399,-16382,0,0,0
2026-06-17 10:25:00,7542,7546,7533.75,7542.75,25630,-14173,0,0,0
2026-06-17 10:30:00,7542.75,7562.5,7535.5,7537.25,38228,-14174,0,0,0
2026-06-17 10:35:00,7537.25,7568.75,7537.25,7561,25123,-14064,0,0,0
2026-06-17 10:40:00,7561,7584.25,7557.25,7580.25,26618,-13907,0,0,0
2026-06-17 10:45:00,7580.25,7580.5,7566.5,7568.75,17654,-13678,0,0,0
2026-06-17 10:50:00,7568.5,7574,7562.25,7564,15963,-12842,0,0,0
2026-06-17 10:55:00,7564,7564,7531.5,7540.5,28771,-12513,0,0,0
2026-06-17 11:00:00,7540.5,7552,7536.5,7541.25,27952,-12831,0,0,0
2026-06-17 11:05:00,7541.25,7548.5,7536,7538,16854,-12744,0,0,0
2026-06-17 11:10:00,7538,7551.5,7524.5,7547,24914,-12147,0,0,0
2026-06-17 11:15:00,7547.25,7548.5,7521.25,7521.25,17640,-11951,0,0,0
2026-06-17 11:20:00,7521.5,7522.25,7497.75,7498,32479,-12161,0,0,0
2026-06-17 11:25:00,7498.25,7513.75,7497.5,7500.25,20647,-12948,0,0,0
2026-06-17 11:30:00,7500.25,7503.75,7488,7489,26595,-13045,0,0,0
2026-06-17 11:35:00,7489,7500.25,7472.25,7475.75,26924,-13484,0,0,0
2026-06-17 11:40:00,7475.25,7485.25,7473.25,7479.75,23624,-13405,0,0,0
2026-06-17 11:45:00,7480.25,7498,7478.25,7489,24027,-13216,0,0,0
2026-06-17 11:50:00,7488.75,7494,7475.25,7481.25,21474,-13359,0,0,0
2026-06-17 11:55:00,7481.25,7498.75,7479.75,7492,18379,-13694,0,0,0
2026-06-17 12:00:00,7582.5,7582.75,7575.75,7577.5,6975,-335,0,0,0
2026-06-17 12:05:00,7577.25,7579,7568.5,7576.5,11177,-1177,0,0,0
2026-06-17 12:10:00,7576.5,7579,7574.75,7575,4824,-114,0,0,0
2026-06-17 14:30:00,7500.25,7503.75,7488,7489,26595,-23475,7506.75,7502.75,144
2026-06-17 14:35:00,7489,7500.25,7472.25,7475.75,26924,-21479,7508,7504,85
2026-06-18 08:30:00,7577,7581.75,7557.25,7557.5,35580,-5808,7574.5,7557.25,359
2026-06-18 08:35:00,7557.75,7559.25,7541.5,7544,38580,-7648,7545.25,7537,576
2026-06-18 08:40:00,7544,7548.75,7537,7538.5,27666,-6284,7545.25,7537,576
2026-06-18 08:45:00,7538.75,7550.25,7535.5,7549,24108,-7147,7546,7535.5,402
2026-06-18 08:50:00,7549.25,7555,7542.25,7543,23923,-8415,7544,7536,471
2026-06-18 08:55:00,7543.25,7547.5,7536,7544,22122,-7453,7544,7536,471
2026-06-18 09:00:00,7544.25,7550.5,7540.75,7545.75,21058,-4113,7547.5,7540.75,526
2026-06-18 09:05:00,7545.75,7558.25,7543,7554.5,20754,-6580,7551.5,7542,328
2026-06-18 09:10:00,7554.75,7555.5,7542,7545.5,18049,-3590,7554.75,7539,246
2026-06-18 09:15:00,7545,7561.5,7539,7558.25,22358,-2736,7554.75,7539,246
2026-06-18 09:20:00,7558.25,7566.25,7552.5,7561.5,18238,-4861,7562.25,7552.5,326
2026-06-18 09:25:00,7561.5,7563.5,7548.5,7550.75,16749,-4856,7559,7548.5,275
2026-06-18 09:30:00,7550.5,7555.75,7541.25,7555.25,21315,-4303,7559.75,7551,282
2026-06-18 09:35:00,7555.5,7563.5,7551,7562.25,14373,-5198,7562,7555.75,383
2026-06-18 09:40:00,7562.5,7564.5,7555.75,7558.75,13785,-2983,7567,7558.25,266
2026-06-18 09:45:00,7558.5,7570.75,7558.25,7568.5,13563,-3563,7566,7560,341
2026-06-18 09:50:00,7568.5,7568.5,7560,7564.25,11918,-3031,7568.25,7563.25,273
2026-06-18 09:55:00,7564.25,7570.5,7563.25,7566.25,8180,-3833,7564.5,7557.25,342
2026-06-18 10:00:00,7566.5,7567.5,7557.25,7562.5,14354,-3825,7564.5,7557.25,342
2026-06-18 10:05:00,7562.5,7564.75,7559.25,7561.75,7794,-4202,7563.25,7559.25,339
2026-06-18 10:10:00,7561.5,7569,7558.75,7559,11135,-5686,7559.25,7553.5,396
2026-06-18 10:15:00,7559,7561.5,7553.5,7554.5,13070,-7170,7557,7551.25,377
2026-06-18 10:20:00,7554.75,7559.25,7551.25,7553.75,12440,-7366,7556.5,7549.5,311
2026-06-18 10:25:00,7553.75,7559.5,7549.5,7551.75,12770,-7697,7556.5,7549.5,311
2026-06-18 10:30:00,7551.5,7556.25,7548,7553.5,13719,-9413,7550,7541,272
2026-06-18 10:35:00,7553.75,7553.75,7541,7546.75,14166,-10374,7550,7541,272
2026-06-18 10:40:00,7546.75,7551.5,7543.25,7545.75,11221,-10578,7548.25,7541.25,266
2026-06-18 10:45:00,7545.75,7551.25,7541.25,7549.5,10922,-9296,7548.25,7541.25,266
2026-06-18 10:50:00,7549.25,7561.75,7549.25,7558,11218,-8866,7558,7549.25,220
2026-06-18 10:55:00,7557.75,7563.25,7557.75,7560.5,8072,-9722,7561.75,7557.75,351
2026-06-18 11:00:00,7560.5,7563.75,7556.25,7557.5,7390,-10066,7561.5,7556.25,238
2026-06-18 11:05:00,7557.75,7562.5,7555,7558.75,7438,-9737,7560.25,7555,240
2026-06-18 11:10:00,7558.75,7561.25,7556.75,7559.75,4301,-10026,7560,7556.75,226
2026-06-18 11:15:00,7559.75,7562.25,7557,7559.5,4889,-9309,7560.75,7557,222
2026-06-18 11:20:00,7559.75,7566.75,7559.25,7561.75,8415,-9150,7564.5,7559.25,271
2026-06-18 11:25:00,7562,7565.5,7560.75,7564.25,3749,-9743,7563.5,7560.75,277
2026-06-18 11:30:00,7564.25,7564.5,7560.75,7563,4439,-8559,7563.5,7560.75,277
2026-06-18 11:35:00,7563,7570.5,7560.75,7569.25,7986,-9079,7567.5,7560.75,200
2026-06-18 11:40:00,7569.5,7570.5,7567,7567.5,4736,-9518,7569.5,7567,316
2026-06-18 11:45:00,7567.75,7568.75,7565.75,7567,4147,-11024,7565,7560.5,236
2026-06-18 11:50:00,7567,7567,7560.5,7561.75,6382,-11089,7565,7560.5,236
2026-06-18 11:55:00,7562,7564.25,7559.5,7564,4739,-9766,7567.5,7561.5,156
2026-06-18 12:00:00,7564.25,7570,7561.5,7569.75,5473,-9223,7567.5,7561.5,156
2026-06-18 12:05:00,7569.75,7574.5,7569,7571.75,7927,-9111,7573,7569,345
2026-06-18 12:10:00,7571.75,7575.25,7571,7573.5,4024,-8563,7576.75,7572.25,217
2026-06-18 12:15:00,7573.25,7578.75,7572.25,7577.25,5872,-9435,7576.75,7572.25,217
2026-06-18 12:20:00,7577,7578.75,7572.25,7572.5,5006,-9897,7573,7571,341
2026-06-18 12:25:00,7572.5,7573.75,7571,7573,4086,-9323,7575.75,7572.75,282
2026-06-18 12:30:00,7573,7577,7572.75,7574.75,5070,-10200,7573.5,7569.75,157
2026-06-18 12:35:00,7575,7575,7569.75,7570.5,3449,-10133,7571.5,7569.5,381
2026-06-18 12:40:00,7570.25,7572.25,7569.5,7570.5,4573,-10529,7570.5,7568,257
2026-06-18 12:45:00,7570.5,7571.5,7568,7569.5,3860,-10208,7571.5,7568.25,189
2026-06-18 12:50:00,7569.5,7572.75,7568.25,7569.25,3599,-10891,7571.5,7568.25,189
2026-06-18 12:55:00,7569.25,7569.5,7566.75,7567,4677,-12131,7568.75,7566.75,390
2026-06-18 13:00:00,7567.25,7568,7562,7563.25,7098,-11958,7566.25,7562,284
2026-06-18 13:05:00,7563.25,7565.75,7562.25,7563,4465,-11874,7565.5,7562.75,266
2026-06-18 13:10:00,7563,7566.75,7562.75,7563.75,4516,-12343,7564.25,7561,318
2026-06-18 13:15:00,7563.5,7565.5,7561,7563.25,6051,-12239,7565.25,7562,213
2026-06-18 13:20:00,7563.25,7566.5,7562,7564.5,4050,-12201,7564.75,7562,272
2026-06-18 13:25:00,7564.25,7565.75,7562,7562.75,4346,-12741,7558,7554,267
2026-06-18 13:30:00,7562.75,7563.5,7560.75,7561.75,4172,-13021,7559.25,7557.5,258
2026-06-18 13:35:00,7561.5,7562.25,7559,7560.25,4952,-12811,7559.25,7557.75,241
2026-06-18 13:40:00,7560.25,7563.25,7559.25,7562.75,3480,-12028,7559.75,7556,133
2026-06-18 13:45:00,7562.75,7566,7562.25,7565.5,5015,-12310,7560.5,7558.75,152
2026-06-18 13:50:00,7565.5,7567.25,7563.25,7564.5,5016,-13385,7560.25,7558.75,137
2026-06-18 13:55:00,7564.25,7565.75,7560.5,7561.25,5071,-14704,7559,7557.25,172
2026-06-18 14:00:00,7561.5,7562.5,7556,7557.25,7311,-14793,7561.75,7559,182
2026-06-18 14:05:00,7557,7558.25,7556,7556.5,4365,-16586,7563,7561,204
2026-06-18 14:10:00,7556.25,7556.5,7549.25,7552.25,10483,-16430,7564,7562.75,286
2026-06-18 14:15:00,7552.25,7556.25,7550,7556.25,6618,-16312,7564.5,7562.75,180
2026-06-18 14:20:00,7556,7559.5,7555.25,7556.25,5538,-15892,0,0,0
2026-06-18 14:25:00,7556.25,7560,7556,7558,4086,-15844,0,0,0
2026-06-18 14:30:00,7557.75,7560,7553.5,7559.75,7314,-14181,0,0,0
2026-06-18 14:35:00,7559.75,7567.75,7559.5,7567.25,8977,-13831,0,0,0
2026-06-18 14:40:00,7567.25,7571.75,7566.25,7571,7554,-13331,0,0,0
2026-06-18 14:45:00,7571.25,7573,7567,7568.75,9784,-12461,7564.75,7563.25,171
2026-06-18 14:50:00,7568.75,7578,7566,7574.5,21862,-13298,7565.5,7564.25,191
2026-06-18 14:55:00,7574.5,7580.75,7564.5,7564.5,29161,-13635,7565.75,7562.75,229
2026-06-18 15:00:00,7564.5,7572.5,7562.25,7572.25,9823,-13382,7562.25,7559,218
2026-06-19 08:30:00,7564.75,7565.25,7563.5,7563.5,692,397,7566,7563.75,75
2026-06-19 08:35:00,7566.75,7566.75,7563.75,7565.25,978,146,7565.75,7564.5,87
2026-06-19 08:40:00,7565.25,7566.25,7564.5,7565.5,699,210,7566.25,7562.5,79
2026-06-19 08:45:00,7565.25,7567.75,7562.5,7563.5,1745,191,7562.25,7557.75,53
2026-06-19 08:50:00,7563.25,7564.25,7557.75,7558,1435,446,7559.75,7554.75,81
2026-06-19 08:55:00,7558.5,7561.75,7554.75,7557,2358,-267,7584.75,7571.5,424
2026-06-19 11:20:00,7562,7564.25,7561.75,7564.25,1072,-370,7590,7576.75,291
2026-06-19 11:25:00,7564.25,7565,7563.5,7564.75,568,-101,7590.5,7576,315
2026-06-19 11:30:00,7564.75,7567.25,7563.5,7566.75,1481,-273,7589.75,7576.5,293
2026-06-19 11:35:00,7566.75,7566.75,7563.75,7565.25,978,-124,7564.75,7562.5,146
2026-06-19 11:40:00,7565.25,7566.25,7564.5,7565.5,699,31,7564.5,7563.5,155
2026-06-19 11:45:00,7565.25,7567.75,7562.5,7563.5,1745,155,7563.25,7561.5,154
2026-06-19 11:50:00,7563.25,7564.25,7557.75,7558,1435,-401,7560.75,7559.5,144
2026-06-19 11:55:00,7558.5,7561.75,7554.75,7557,2358,-194,7560.75,7559.5,144
2026-06-22 08:30:00,7573.25,7590.25,7571.5,7578,32203,7023,7587.5,7579.25,388
2026-06-22 08:35:00,7578.25,7595.5,7576.75,7595.5,22114,4882,7587.5,7579.25,388
2026-06-22 08:40:00,7595.25,7596.75,7576,7578.75,26419,7189,7570.5,7560.5,479
2026-06-22 08:45:00,7578.5,7595.5,7576.5,7591.75,22589,6677,7570.5,7560.5,479
2026-06-22 08:50:00,7592,7593,7586.25,7587.5,15306,7605,7553.25,7545.75,568
2026-06-22 08:55:00,7587.25,7587.5,7584,7585,3714,7815,7553.25,7545.75,568
2026-06-22 09:00:00,7546.25,7547,7542.5,7544.75,5390,8727,0,0,0
2026-06-22 09:05:00,7545,7545,7535.25,7538.25,7859,7790,0,0,0
2026-06-22 09:10:00,7538.25,7540.75,7537.75,7539.25,1688,6049,0,0,0
2026-06-22 09:15:00,7542.25,7547,7542,7546.5,5992,3216,0,0,0
2026-06-22 09:20:00,7546.5,7549,7545.5,7545.5,1624,564,0,0,0
2026-06-22 09:25:00,7545.25,7546.5,7542.75,7543.25,2962,-236,0,0,0
2026-06-22 09:30:00,7543.25,7544.75,7539,7541,5726,-604,0,0,0
2026-06-22 09:35:00,7540.75,7541,7535.5,7540.5,5817,-309,0,0,0
2026-06-22 09:40:00,7550.5,7553.5,7540,7541,23799,-7716,7546.75,7540.5,655
2026-06-22 09:45:00,7541,7549.5,7540.5,7544,24221,-10381,7542.5,7532.25,386
2026-06-22 09:50:00,7544,7546.75,7532.25,7534.25,22761,-9165,7542.5,7532.25,386
2026-06-22 09:55:00,7534.25,7545,7527.25,7543,23880,-8394,7547.5,7541.25,400
2026-06-22 10:00:00,7543,7550,7541.25,7546.5,14409,-9670,7547.5,7541.25,400
2026-06-22 10:05:00,7546.5,7547,7536,7538.5,17550,-9387,7542.25,7536.5,395
2026-06-22 10:10:00,7539,7544.75,7536.5,7540.75,13437,-10009,7542.25,7536.5,395
2026-06-22 10:15:00,7540.5,7545.5,7535.25,7537.75,17624,-8367,7542.5,7534.5,362
2026-06-22 10:20:00,7537.75,7546,7534.5,7544.25,17002,-9552,7544.25,7537.5,486
2026-06-22 10:25:00,7544,7547,7537.5,7539.75,18963,-7359,7544.25,7537.5,486
2026-06-22 10:30:00,7539.75,7546.5,7537.75,7542.25,16343,-6017,7544,7537.75,454
2026-06-22 10:35:00,7542.25,7548.25,7540.5,7547.75,9820,-3303,7555,7547.75,309
2026-06-22 10:40:00,7547.75,7558,7547.75,7555,12978,-5672,7553.25,7539.25,205
2026-06-22 10:45:00,7555,7559.25,7539.25,7540.5,16611,-5284,7544.5,7540.5,536
2026-06-22 10:50:00,7540.5,7546,7540.5,7542,12318,-5047,7544.5,7540.5,536
2026-06-22 10:55:00,7542,7547.25,7540.25,7542.5,9361,-7328,7540.75,7532,281
2026-06-22 11:00:00,7542.75,7544.5,7532,7533.75,14327,-6114,7540.75,7532,281
2026-06-22 11:05:00,7533.5,7539.75,7532.5,7538.25,10664,-4912,7537.5,7532.5,355
2026-06-22 11:10:00,7538.25,7546.5,7537.75,7546.5,10050,-5190,7545.5,7541,281
2026-06-22 11:15:00,7546.25,7547.25,7541,7546.25,7304,-5752,7545.5,7541,281
2026-06-22 11:20:00,7546.25,7550.5,7540.25,7541.75,9444,-5340,7544,7540,255
2026-06-22 11:25:00,7541.5,7545.75,7540,7544.5,6128,-5987,7544,7540,255
2026-06-22 11:30:00,7544.25,7545.25,7539,7539.75,5781,-6001,7543.5,7539,222
2026-06-22 11:35:00,7539.75,7541.5,7537,7540.5,5708,-6028,7540.25,7537,300
2026-06-22 11:40:00,7540.5,7542,7536.75,7540,5939,-4897,7543.75,7537.75,186
2026-06-22 11:45:00,7540,7546.25,7537.75,7546.25,6521,-4744,7547.75,7545,394
2026-06-22 11:50:00,7546,7548.75,7545,7547.25,6301,-4934,7547.75,7543,340
2026-06-22 11:55:00,7547.5,7549.75,7543,7546,9510,-5166,7545.75,7542.5,284
2026-06-22 12:00:00,7546.25,7547,7542.5,7544.75,5390,-5961,7545.75,7542.5,284
2026-06-22 12:05:00,7545,7545,7535.25,7538.25,7859,-5046,7542.25,7535.25,196
2026-06-22 12:10:00,7538.25,7542.25,7537.75,7542.25,4841,-4196,7541,7537.75,255
2026-06-22 12:15:00,7542.25,7547,7542,7546.5,6130,-4287,7547.25,7543.25,175
2026-06-22 12:20:00,7546.5,7549,7543.25,7545,4191,-4523,7545.5,7542.75,185
2026-06-22 12:25:00,7545.25,7546.5,7542.75,7543.25,2962,-5127,7545.5,7542.75,185
2026-06-22 12:30:00,7543.25,7544.75,7539,7541,5726,-5436,7539.5,7535.5,253
2026-06-22 12:35:00,7540.75,7541,7535.5,7540.5,5817,-5603,7539.5,7535.5,253
2026-06-22 12:40:00,7540.25,7542,7538.25,7539.25,3609,-4840,7541,7538.25,226
2026-06-22 12:45:00,7539.5,7544.5,7538.25,7543.75,4885,-4383,7542.75,7538.25,188
2026-06-22 12:50:00,7543.75,7549.5,7543,7548.25,5393,-5882,7546.75,7542.75,229
2026-06-22 12:55:00,7548.5,7548.5,7542.75,7542.75,5491,-5780,7546.75,7542.75,229
2026-06-22 13:00:00,7543,7544.75,7538.5,7541,7626,-5556,7543.75,7540.5,199
2026-06-22 13:05:00,7540.75,7545.25,7540.5,7545.25,3970,-5404,7543.75,7540.5,199
2026-06-22 13:10:00,7545.25,7546.75,7542.5,7545.75,3082,-5102,7545.5,7542.5,171
2026-06-22 13:15:00,7545.75,7549.5,7545.75,7548.25,3524,-4313,7548.5,7545.75,220
2026-06-22 13:20:00,7548.25,7553.75,7548,7550,8601,-5039,7552,7548,358
2026-06-22 13:25:00,7550,7550.5,7544.75,7547,6402,-5562,7544.5,7540.5,214
2026-06-22 13:30:00,7547.5,7551.5,7545.25,7546.25,7121,-5559,7543,7539.75,306
2026-06-22 13:35:00,7546,7548.25,7544.75,7545,3387,-6312,7541.25,7532.75,181
2026-06-22 13:40:00,7545,7546,7540.5,7540.75,4925,-5954,7535,7531.5,274
2026-06-22 13:45:00,7541,7544.25,7539.75,7543.75,5816,-6940,7537.25,7532.25,261
2026-06-22 13:50:00,7543.75,7544.75,7532.75,7536.5,8876,-7632,7534.75,7528.5,220
2026-06-22 13:55:00,7536.5,7536.5,7531.5,7533,5756,-7056,7544.5,7540.5,214
2026-06-22 14:00:00,7533,7539.5,7532.25,7537,7834,-7458,7543,7539.75,306
2026-06-22 14:05:00,7536.75,7537.5,7528.5,7532.5,8124,-7015,7535,7531.5,274
2026-06-22 14:10:00,7532.75,7537,7531.25,7535.5,4981,-6701,7537.25,7532.25,261
2026-06-22 14:15:00,7535.5,7538.25,7533.75,7537.5,4962,-7628,7537.25,7532.25,261
2026-06-22 14:20:00,7537.5,7538.25,7532.5,7533.25,4535,-8206,7534.75,7528.5,220
2026-06-22 14:25:00,7533.5,7534.5,7530.25,7530.5,5210,-7459,7537,7533.75,261
2026-06-22 14:30:00,7530.5,7536.25,7530.25,7533.75,6863,-7652,7536.5,7532.5,189
2026-06-22 14:35:00,7533.75,7534,7531,7532.25,4625,-8441,7533.25,7530.25,289
2026-06-22 14:40:00,7532.25,7533.25,7528,7529.5,5477,-7677,7533.25,7530.25,289
2026-06-22 14:45:00,7529.5,7535.5,7528.75,7535.5,6816,-5751,7533.25,7531,356
2026-06-22 14:50:00,7535.25,7545.25,7533.5,7543.75,17804,-7197,7531.75,7528,249
2026-06-22 14:55:00,7543.75,7545.75,7536,7540.25,20158,-7276,7531.75,7528,249
2026-06-22 15:00:00,7540.25,7547,7539,7545.25,7893,-7429,7541.75,7533.5,371
2026-06-23 08:30:00,7429.5,7434.5,7415,7432.5,49932,1094,7432.5,7416.75,443
2026-06-23 08:35:00,7432.25,7439.25,7416.75,7436.75,40320,1996,7432.5,7416.75,443
2026-06-23 08:40:00,7437,7446.75,7430.75,7442.5,27090,5530,7455.25,7436,295
2026-06-23 08:45:00,7442,7463.5,7436,7457.75,32700,6207,7455.25,7436,295
2026-06-23 08:50:00,7457.75,7465.75,7457.25,7460,22245,7760,7462.75,7454.75,538
2026-06-23 08:55:00,7459.75,7466.25,7454.75,7465.25,25291,11252,7473.75,7463.75,496
2026-06-23 09:00:00,7465.5,7478,7463.75,7474.5,28796,12141,7473.75,7463.75,496
2026-06-23 09:05:00,7474.75,7480.75,7470.75,7479,21613,13216,7477.75,7470.75,527
2026-06-23 09:10:00,7478.75,7485.25,7476.25,7484,24663,13281,7485.25,7480,576
2026-06-23 09:15:00,7483.75,7487.5,7480,7486.25,17863,12690,7487.75,7479.5,464
2026-06-23 09:20:00,7486.25,7491.25,7479.5,7483,22281,11733,7487.75,7479.5,464
2026-06-23 09:25:00,7483,7484.75,7475.75,7483.75,21715,9990,7482,7472.25,367
2026-06-23 09:30:00,7483.75,7486,7472.25,7476,20551,9058,7479,7470,434
2026-06-23 09:35:00,7476,7482.75,7470,7470.5,22556,8945,7473.25,7466,582
2026-06-23 09:40:00,7470.5,7476.25,7466,7468.25,24433,8850,7473.25,7466,582
2026-06-23 09:45:00,7468.5,7470.25,7461.25,7467.5,20511,9413,7467.5,7461.25,554
2026-06-23 09:50:00,7468,7474,7462,7466,22187,8382,7465.5,7459.75,527
2026-06-23 09:55:00,7466,7467.75,7459.75,7464.75,17391,7550,7465.5,7459.75,527
2026-06-23 10:00:00,7464.75,7468.75,7458.5,7459.75,20562,5791,7465.75,7458.5,490
2026-06-23 10:05:00,7459.75,7461.5,7450.5,7453.75,19381,6494,7455.25,7451,531
2026-06-23 10:10:00,7454.25,7457,7451,7455.5,13271,4418,7455.25,7451,531
2026-06-23 10:15:00,7455.5,7457,7445.75,7446.5,15306,3521,7453.75,7445.75,333
2026-06-23 10:20:00,7446.5,7449.75,7439.75,7440,13795,3416,7441,7436.25,609
2026-06-23 10:25:00,7440,7443,7436.25,7440,17049,3679,7441,7436.25,609
2026-06-23 10:30:00,7439.75,7446.75,7438,7443.5,15479,3259,7445.75,7436.75,297
2026-06-23 10:35:00,7443.75,7449.5,7436.75,7438.75,15444,4351,7442.75,7435.75,309
2026-06-23 10:40:00,7438.75,7445.75,7435.75,7444.25,12654,5211,7442.75,7435.75,309
2026-06-23 10:45:00,7444,7449.5,7441.75,7444.75,11950,6930,7452.5,7443.25,260
2026-06-23 10:50:00,7444.75,7456.5,7443.25,7452.75,14055,6565,7452.5,7443.25,260
2026-06-23 10:55:00,7453,7455.75,7447.25,7453.75,10497,7487,7453.25,7447.25,300
2026-06-23 11:00:00,7454,7462,7452.75,7461.25,10648,8101,7464.75,7459.5,392
2026-06-23 11:05:00,7461,7467,7459.5,7466.25,12158,8853,7470,7466.25,434
2026-06-23 11:10:00,7466.25,7471.5,7466.25,7469.25,9552,8120,7469,7464,300
2026-06-23 11:15:00,7469.5,7471,7464,7465,8705,8224,7466.75,7460.5,247
2026-06-23 11:20:00,7465,7469.5,7460.5,7468.25,9138,8497,7469,7465.25,297
2026-06-23 11:25:00,7468,7470.5,7465.25,7469,6537,8021,7469,7465.25,297
2026-06-23 11:30:00,7469,7470,7464.5,7466,6286,8407,7468.5,7464.5,273
2026-06-23 11:35:00,7466,7470.75,7465,7470.25,5418,9749,7473.75,7470.25,399
2026-06-23 11:40:00,7470.25,7475.25,7470.25,7474,8386,8596,7472.25,7466.25,225
2026-06-23 11:45:00,7474,7474.75,7466.25,7469,7867,8740,7472.25,7466.25,225
2026-06-23 11:50:00,7469,7469.25,7464.5,7468.75,7210,9373,7469.75,7465.25,270
2026-06-23 11:55:00,7468.5,7471.75,7465.25,7469.5,7283,8168,7469.75,7465.25,270
2026-06-23 12:00:00,7469.75,7470.25,7461.5,7462.75,7739,8398,7467.75,7461.5,215
2026-06-23 12:05:00,7462.75,7465.5,7460.5,7464.75,7092,8824,7464,7460.5,338
2026-06-23 12:10:00,7464.75,7473,7464.5,7468.75,9220,8154,7470.5,7464.5,263
2026-06-23 12:15:00,7469.25,7471.25,7464.75,7466.75,6738,9693,7473.5,7466,213
2026-06-23 12:20:00,7466.75,7476.5,7466,7474.5,9171,9100,7473.5,7470.25,298
2026-06-23 12:25:00,7474.25,7475,7470.25,7471,5955,9371,7473.5,7470.25,298
2026-06-23 12:30:00,7471,7473.25,7466.75,7473.25,7135,9357,7471.25,7466.75,264
2026-06-23 12:35:00,7473.25,7476,7470.25,7471.25,5650,8926,7474.25,7470.25,235
2026-06-23 12:40:00,7471,7472.5,7466.25,7467.25,4801,9397,7469.25,7466,280
2026-06-23 12:45:00,7467.25,7470.5,7466,7468.5,5327,7168,7465,7455.5,183
2026-06-23 12:50:00,7468.5,7469,7455.5,7456.25,10043,7288,7465,7455.5,183
2026-06-23 12:55:00,7456.25,7457.75,7452.75,7453,10108,7925,7458.5,7451.75,301
2026-06-23 13:00:00,7453.25,7461.25,7451.75,7456,11741,7723,7458.5,7451.75,301
2026-06-23 13:05:00,7456.25,7457,7449,7453.25,8250,7759,7454.75,7449,250
2026-06-23 13:10:00,7453.25,7455.75,7452.5,7453.75,6206,8001,7454.25,7450.25,241
2026-06-23 13:15:00,7453.5,7456,7450.25,7451.25,5784,8387,7454.25,7450.25,241
2026-06-23 13:20:00,7451.5,7454.75,7447.75,7452.75,7408,8224,7452.75,7447.75,255
2026-06-23 13:25:00,7453,7453,7448.5,7449.75,5725,8145,7447.25,7444.25,320
2026-06-23 13:30:00,7449.5,7451,7446.5,7447,5657,7960,7441.5,7433,255
2026-06-23 13:35:00,7446.75,7448.5,7444.25,7445,5761,7281,7434.25,7430.25,542
2026-06-23 13:40:00,7445,7445,7433,7433.5,12517,8503,7437.25,7428.75,274
2026-06-23 13:45:00,7433.75,7436,7430.25,7435.5,12998,8951,7447.25,7444.25,320
2026-06-23 13:50:00,7435.5,7441,7428.75,7432.75,13698,9885,7441.5,7433,255
2026-06-23 13:55:00,7432.75,7438.5,7429.25,7436.25,11744,10998,7437.25,7428.75,274
2026-06-23 14:00:00,7436,7446.5,7433.75,7446,13429,10167,7437.25,7428.75,274
2026-06-23 14:05:00,7445.75,7452.25,7438.25,7440.75,16211,10053,7442.75,7433.75,258
2026-06-23 14:10:00,7440.75,7444.75,7438,7441,9526,9006,7448,7438.25,284
2026-06-23 14:15:00,7441,7442.5,7434,7434.25,9239,11115,7442.75,7438,340
2026-06-23 14:20:00,7434.5,7448.5,7433.25,7444.75,14481,11256,7440,7434,264
2026-06-23 14:25:00,7444.75,7449.75,7442.5,7447,12183,11098,7444,7433.25,234
2026-06-23 14:30:00,7447,7449,7440.25,7447,12286,11035,7444,7433.25,234
2026-06-23 14:35:00,7447,7448.5,7442.75,7443,10523,11854,7447.5,7442.5,406
2026-06-23 14:40:00,7443,7444.25,7438,7442.25,11357,12506,7446.5,7440.25,341
2026-06-23 14:45:00,7442.25,7444.75,7436.25,7444.25,14996,13913,7446.75,7442.75,438
2026-06-23 14:50:00,7444.25,7453,7442.25,7452.5,20465,11698,7442.5,7438,437
2026-06-23 14:55:00,7452.5,7452.5,7432.75,7435,32861,12168,7442.25,7436.25,428
2026-06-23 15:00:00,7435,7437.25,7431.75,7436,9672,12199,7446.5,7432.75,411
2026-06-24 08:30:00,7447,7466.75,7438,7463.5,43555,3773,7458.25,7438,375
2026-06-24 08:35:00,7463.5,7468.25,7456.25,7458.5,25234,3423,7464.75,7456.25,515
2026-06-24 08:40:00,7458.5,7460.5,7442.25,7452.75,29570,3629,7451.5,7437,426
2026-06-24 08:45:00,7452.5,7457.75,7437,7450.25,35770,7013,7465.75,7449.5,354
2026-06-24 08:50:00,7450.25,7472.5,7449.5,7468.5,32880,5849,7464.25,7453.5,393
2026-06-24 08:55:00,7468.5,7468.75,7453.5,7454.5,24386,5211,7464.25,7453.5,393
2026-06-24 09:00:00,7454.75,7459,7447.75,7450.5,24462,4670,7455.75,7447.75,532
2026-06-24 09:05:00,7450.5,7460.75,7447.75,7453,27385,5813,7457,7447.75,517
2026-06-24 09:10:00,7453,7457.75,7446.5,7451.5,22081,4647,7451.25,7442.5,364
2026-06-24 09:15:00,7451.25,7455,7442.5,7444,18560,5947,7451.25,7442.5,364
2026-06-24 09:20:00,7444.25,7460.25,7436.5,7458.5,30284,6654,7462.75,7455.25,464
2026-06-24 09:25:00,7458.5,7466,7455.25,7461,20427,6422,7462.75,7455.25,464
2026-06-24 09:30:00,7461,7469.25,7460.75,7465.5,15806,4662,7466.75,7460.75,452
2026-06-24 09:35:00,7465.5,7468,7458.25,7458.75,14238,7599,7465.25,7458.25,356
2026-06-24 09:40:00,7459,7473.5,7457.5,7472.75,19643,9213,7468.75,7457.5,302
2026-06-24 09:45:00,7472.75,7486,7471.75,7479.5,24746,9447,7481.75,7471.75,427
2026-06-24 09:50:00,7479.75,7487.5,7479.75,7480.75,15044,12291,7489.5,7478,300
2026-06-24 09:55:00,7481,7494.25,7478,7493.5,19800,11463,7489.5,7478,300
2026-06-24 10:00:00,7493.5,7496.5,7488,7490,18978,9974,7487.5,7479.25,329
2026-06-24 10:05:00,7490,7491,7479.25,7481.25,15799,10783,7487.5,7479.25,329
2026-06-24 10:10:00,7481.25,7485.25,7476.25,7482,16991,12126,7487.75,7480.25,320
2026-06-24 10:15:00,7481.75,7491,7480.25,7488.75,14083,11185,7487.75,7480.25,320
2026-06-24 10:20:00,7489,7490.75,7483.5,7484,11531,12380,7488.5,7483.5,384
2026-06-24 10:25:00,7484,7493.75,7478.25,7493.75,15391,11447,7489.25,7478.25,244
2026-06-24 10:30:00,7493.5,7496.5,7486,7489.25,15959,10772,7493.5,7486,371
2026-06-24 10:35:00,7489.25,7492.5,7483,7485.5,12193,9316,7485,7478.25,335
2026-06-24 10:40:00,7485.5,7487.75,7478.25,7481.25,13062,9017,7481,7474.5,463
2026-06-24 10:45:00,7481.5,7483.75,7474.5,7483.25,17579,8777,7481,7474.5,463
2026-06-24 10:50:00,7483.25,7489.75,7483.25,7485,13458,8092,7484.5,7478,278
2026-06-24 10:55:00,7485,7487.25,7478,7480.25,10557,7562,7484.5,7478,278
2026-06-24 11:00:00,7480.25,7483.25,7475.75,7477.75,10244,7432,7479.25,7474.5,373
2026-06-24 11:05:00,7477.5,7481.25,7474.5,7478.25,10430,7988,7482.75,7476,274
2026-06-24 11:10:00,7478,7485.5,7476,7481.25,10678,7634,7483,7478,253
2026-06-24 11:15:00,7481.5,7485,7478,7480,7324,7805,7482.25,7476.75,251
2026-06-24 11:20:00,7480,7484.5,7476.75,7483,8041,7351,7481.25,7476.5,277
2026-06-24 11:25:00,7483.25,7483.25,7476.5,7477.5,7764,6529,7476,7471.5,445
2026-06-24 11:30:00,7477.5,7477.75,7471.5,7473.25,11576,4686,7471.5,7461.25,285
2026-06-24 11:35:00,7473,7476,7461.25,7461.5,17105,4231,7460.25,7455,675
2026-06-24 11:40:00,7461.5,7462.25,7455,7459.75,20245,5070,7460.25,7455,675
2026-06-24 11:45:00,7459.5,7461.75,7455.5,7459.25,11085,4501,0,0,0
2026-06-24 11:50:00,7459.5,7464.5,7454,7454,11931,3933,0,0,0
2026-06-24 11:55:00,7454.25,7456.25,7450.5,7452.75,10916,-568,0,0,0
2026-06-24 12:00:00,7453.25,7461,7451,7460.25,9030,3219,7458,7451,220
2026-06-24 12:05:00,7460.25,7460.75,7442.5,7445.75,15494,2990,7455.25,7442.5,209
2026-06-24 12:10:00,7445.75,7450,7442,7444,12881,2121,7442.75,7431,308
2026-06-24 12:15:00,7444,7447.75,7431,7433.75,20967,1858,7431.5,7425.75,554
2026-06-24 12:20:00,7433.75,7434,7425.75,7426.75,18829,276,7431.5,7425.75,554
2026-06-24 12:25:00,7426.75,7428,7415.75,7416.75,20768,559,7418,7407.75,487
2026-06-24 12:30:00,7416.75,7422.25,7407.75,7418.5,28731,1464,7421,7412,377
2026-06-24 12:35:00,7418.5,7424.75,7412,7420.25,19629,1246,7421,7412,377
2026-06-24 12:40:00,7420.25,7423.75,7413.25,7414.75,14774,1203,7420.75,7413.25,344
2026-06-24 12:45:00,7414.75,7422,7410.25,7420,15959,1535,7418.5,7410.25,332
2026-06-24 12:50:00,7420.25,7421.75,7416.25,7421.25,12130,989,7420.25,7416.25,527
2026-06-24 12:55:00,7421.25,7427.25,7412.5,7414,18584,1535,7421.5,7413,333
2026-06-24 13:00:00,7414.25,7425.25,7413,7421.5,16636,2258,7421.5,7413,333
2026-06-24 13:05:00,7421.5,7429.5,7421.25,7426,15025,2533,7427,7421.25,442
2026-06-24 13:10:00,7426,7427.5,7421.25,7424.75,11411,3582,7425.75,7421.25,439
2026-06-24 13:15:00,7424.75,7435.75,7424.5,7433.75,17169,3904,7437.5,7431.75,284
2026-06-24 13:20:00,7433.75,7439.75,7431.75,7439.5,9358,3638,7437.5,7431.75,284
2026-06-24 13:25:00,7439.5,7443.25,7437.75,7440,10682,3142,7440.75,7436.25,345
2026-06-24 13:30:00,7440,7442.5,7436.25,7439,8964,2631,7440.75,7436.25,345
2026-06-24 13:35:00,7439.25,7439.75,7431.5,7432.75,9607,2245,7437.25,7431.5,283
2026-06-24 13:40:00,7432.75,7434.5,7424.75,7429.25,11366,1554,7431.75,7424.75,284
2026-06-24 13:45:00,7429,7429.25,7410.75,7414.25,13299,2620,7423.75,7410.75,177
2026-06-24 13:50:00,7414,7418.25,7408.25,7417.5,15510,2950,7421,7412.5,236
2026-06-24 13:55:00,7417.5,7424.5,7412.5,7415.5,11574,3569,7421,7412.5,236
2026-06-24 14:00:00,7415.5,7425.25,7409.5,7422.25,14017,2541,7420.5,7409.5,219
2026-06-24 14:05:00,7422.25,7422.25,7404.75,7409.25,16964,3080,7417,7404.75,239
2026-06-24 14:10:00,7409.25,7413.25,7404,7412.25,12119,3468,7411.75,7407.75,374
2026-06-24 14:15:00,7412.25,7413.25,7407.75,7412,8604,3986,7411.75,7407.75,374
2026-06-24 14:20:00,7412,7414.75,7408.5,7414.75,9054,4527,7413,7408.5,348
2026-06-24 14:25:00,7414.5,7419.5,7414,7416.25,9511,4067,7418,7414,414
2026-06-24 14:30:00,7416.25,7418.75,7411.5,7413.25,9962,3983,7414.25,7410,318
2026-06-24 14:35:00,7413.5,7416,7410,7414,7938,4027,7414.25,7410,318
2026-06-24 14:40:00,7414,7417.25,7405.25,7411,9680,4945,7413.75,7405.25,198
2026-06-24 14:45:00,7411,7418.75,7410.5,7417,10832,6964,7416.25,7410.5,319
2026-06-24 14:50:00,7417,7427.5,7411,7426.75,20057,8200,7422.5,7411,299
2026-06-24 14:55:00,7426.75,7431.5,7417.75,7428.25,20784,9430,7448.75,7435,185
2026-06-24 15:00:00,7428,7451.25,7421.25,7450.5,13994,9636,7448.75,7435,185
2026-06-25 08:30:00,7485.75,7490.5,7464.5,7469.75,40956,-2379,7418.75,7413.25,310
2026-06-25 08:35:00,7469.5,7477,7465.25,7466.25,25955,-6793,7416,7412.25,359
2026-06-25 08:40:00,7466.5,7468,7436.25,7439,40810,-7487,7414.5,7409.5,412
2026-06-25 08:45:00,7439,7444,7410.5,7424.25,64562,-10508,7414.5,7409.5,412
2026-06-25 08:50:00,7424.75,7432,7399.5,7401.75,56099,-10665,7418.25,7408.75,328
2026-06-25 08:55:00,7401.75,7407,7390,7393,57571,-6813,7444.75,7427.75,189
2026-06-25 09:00:00,7393.25,7430.25,7392.25,7427.75,55376,-4924,7436,7429.5,255
2026-06-25 09:05:00,7427.75,7445.75,7427.5,7444.75,42123,-6195,7436,7431.75,225
2026-06-25 09:10:00,7445,7454.5,7436.25,7437.25,37905,-3157,7435,7431.25,246
2026-06-25 09:15:00,7437,7453.25,7427.75,7452.25,41638,-3143,7432.5,7427.5,244
2026-06-25 09:20:00,7452,7462,7441,7446.25,39360,-2722,7435.25,7429.5,228
2026-06-25 09:25:00,7446.5,7455.75,7444.25,7450.75,29269,-2370,7437.75,7433.75,250
2026-06-25 09:30:00,7450.75,7467.75,7449.25,7460.5,33704,-2005,7436.25,7432,185
2026-06-25 09:35:00,7460.5,7465.5,7452.25,7463,24015,-3727,7432.5,7425.5,146
2026-06-25 09:40:00,7463.25,7464,7458,7458.25,6254,-1622,7428.75,7425.25,258
2026-06-25 09:45:00,7421.5,7421.75,7411.25,7413.5,10253,-1071,0,0,0
2026-06-25 09:50:00,7413.25,7423,7410.5,7420.5,9273,1005,0,0,0
2026-06-25 09:55:00,7420.5,7431.25,7418,7429.5,11948,1106,0,0,0
2026-06-25 10:00:00,7429.5,7430.75,7408.25,7414,18614,-2216,0,0,0
2026-06-25 10:05:00,7414.5,7431.25,7411.75,7429.5,13257,1135,0,0,0
2026-06-25 10:10:00,7429.5,7435.5,7424,7427.5,11811,-531,0,0,0
2026-06-25 10:15:00,7427.5,7449.5,7425,7443.75,16584,2576,0,0,0
2026-06-25 10:20:00,7443.75,7447.75,7437.5,7444.75,12403,587,0,0,0
2026-06-25 10:25:00,7444.5,7456.75,7444.5,7454.25,11407,805,0,0,0
2026-06-25 10:30:00,7454.25,7454.5,7435,7435.75,14615,-2177,0,0,0
2026-06-25 10:35:00,7435.5,7442.75,7431.25,7440,14156,-250,0,0,0
2026-06-25 10:40:00,7440,7441,7433.75,7434.75,8709,-1183,0,0,0
2026-06-25 10:45:00,7434.75,7434.75,7422.25,7431,13670,-1022,0,0,0
2026-06-25 10:50:00,7431,7439.75,7429.25,7432.5,10171,-65,0,0,0
2026-06-25 10:55:00,7432.5,7436.5,7430.5,7434.25,7207,-3,0,0,0
2026-06-25 11:00:00,7434.5,7434.75,7422.75,7425.25,8546,-474,0,0,0
2026-06-25 11:05:00,7425.25,7428,7423,7426.25,7991,207,0,0,0
2026-06-25 11:10:00,7426.25,7427.75,7418.75,7419.5,9292,-1170,0,0,0
2026-06-25 11:15:00,7419.5,7422.25,7414.25,7418.25,11810,-364,0,0,0
2026-06-25 11:20:00,7418.25,7422.75,7416,7422.5,9671,729,0,0,0
2026-06-25 11:25:00,7422.75,7424.75,7416.25,7419.5,9125,-487,0,0,0
2026-06-25 11:30:00,7419.5,7421,7413.25,7417.5,9910,-386,0,0,0
2026-06-25 11:35:00,7417.5,7417.5,7412.25,7416.75,7888,170,0,0,0
2026-06-25 11:40:00,7416.75,7419.25,7411.5,7415.75,8661,19,0,0,0
2026-06-25 11:45:00,7415.5,7416.5,7409.5,7413.5,11951,247,0,0,0
2026-06-25 11:50:00,7413.25,7422.25,7408.75,7421.25,18049,1075,0,0,0
2026-06-25 11:55:00,7421.5,7430,7414.5,7428.75,24832,2908,0,0,0
2026-06-26 08:30:00,7381,7388.25,7360,7370.25,39252,-552,7423.25,7420.5,198
2026-06-26 08:35:00,7370.25,7383.25,7367.25,7372.75,30226,499,7417.5,7410,243
2026-06-26 08:40:00,7373,7386.5,7368.75,7384.25,25215,1004,7412,7408.75,444
2026-06-26 08:45:00,7384.5,7390.25,7371.25,7379,32259,2576,7411.5,7405,211
2026-06-26 08:50:00,7378.75,7389,7377,7385.75,23984,3633,7411.25,7406.75,269
2026-06-26 08:55:00,7386,7405.5,7384,7403.5,31127,5442,7414.25,7406.25,163
2026-06-26 09:00:00,7401.5,7416,7397.75,7415,24077,6610,7418.5,7412.75,201
2026-06-26 09:05:00,7415,7424.5,7414.25,7423.25,24084,7088,7421.25,7417,276
2026-06-26 09:10:00,7423,7428.25,7417,7425.5,24258,6490,7418.75,7411,197
2026-06-26 09:15:00,7425.25,7429.5,7418,7419.75,19768,8135,7417,7414.25,327
2026-06-26 09:20:00,7420,7436.25,7418.25,7428.25,24139,7954,7418.25,7410.5,169
2026-06-26 09:25:00,7428.25,7433.25,7426,7428.5,17065,8921,7419.5,7415.5,235
2026-06-26 09:30:00,7428.75,7433,7424,7427.5,18091,7352,7423.5,7416,153
2026-06-26 09:35:00,7427.5,7428,7414.75,7415.25,17101,8586,7428.75,7420.25,212
2026-06-26 09:40:00,7415.25,7424.75,7409,7415.25,24406,9552,7436,7429.5,255
2026-06-26 09:45:00,7415.25,7427.5,7414,7422.25,19632,8721,7435,7431.25,246
2026-06-26 09:50:00,7422.25,7425.75,7415.25,7419,17825,8788,7432.5,7427.5,244
2026-06-26 09:55:00,7419,7423.5,7411.75,7418,17321,9002,7432.5,7427.5,244
2026-06-26 10:00:00,7418,7423.75,7417.75,7422.5,3999,9496,7437.75,7433.75,250
2026-06-26 10:05:00,7435.75,7439.5,7433.75,7435,6006,9052,7436.25,7432,185
2026-06-26 10:10:00,7435,7438,7432,7434,4634,10160,7436.25,7432,185
2026-06-26 10:15:00,7434,7435.5,7425.5,7427.5,6004,11247,7432.5,7425.5,146
2026-06-26 10:20:00,7427.25,7430,7425.25,7429,5164,12834,7428.75,7425.25,258
2026-06-26 10:25:00,7428.5,7430,7420.25,7421.25,7120,12112,7427,7420.25,178
2026-06-26 10:30:00,7421.5,7429.75,7420.5,7427.5,6578,13089,7427,7420.5,173
2026-06-26 10:35:00,7427.5,7428,7420.25,7422,5278,13629,7425.75,7420.25,165
2026-06-26 10:40:00,7422,7424.5,7420.5,7420.75,3369,12654,7423.25,7420.5,198
2026-06-26 10:45:00,7420.75,7420.75,7410,7413,10713,10968,7417.5,7410,243
2026-06-26 10:50:00,7412.75,7413.25,7408.75,7410.25,8430,11286,7412,7408.75,444
2026-06-26 10:55:00,7410.25,7414.25,7405,7409,8032,11103,7411.5,7405,211
2026-06-26 11:00:00,7409,7413.25,7406.75,7407,7257,10190,7411.25,7406.75,269
2026-06-26 11:05:00,7407.25,7417.75,7406.25,7416,7652,10550,7414.25,7406.25,163
2026-06-26 11:10:00,7416,7421,7412.75,7420.75,6820,11013,7418.5,7412.75,201
2026-06-26 11:15:00,7420.75,7423,7417,7420.5,6905,9722,7421.25,7417,276
2026-06-26 11:20:00,7420.5,7422,7411,7415.75,8846,10125,7418.75,7411,197
2026-06-26 11:25:00,7415.75,7418,7414.25,7415,5232,11711,7417,7414.25,327
2026-06-26 11:30:00,7415.25,7421.5,7410.5,7419.5,7621,11703,7418.25,7410.5,169
2026-06-26 11:35:00,7419.5,7421,7415.5,7416.25,5412,11289,7419.5,7415.5,235
2026-06-26 11:40:00,7416.25,7426.75,7416,7426,6712,11385,7423.5,7416,153
2026-06-26 11:45:00,7426,7432.25,7420.25,7423.75,10397,12592,7428.75,7420.25,212
2026-06-26 11:50:00,7423.75,7429.5,7418.75,7425,17578,11728,7426.25,7418.75,400
2026-06-26 11:55:00,7424.75,7429.5,7369.75,7379.25,31573,12495,7404.75,7369.75,158
2026-06-26 15:00:00,7379.5,7408.5,7370.5,7400,20794,10846,7397.25,7370.5,136
