id,pattern_id_at_entry,direction,day_type_at_entry,session_at_entry,entry_ts,entry_price,stop,t1,t2,t3,t1_hit_ts,t2_hit_ts,t3_hit_ts,stop_hit_ts,exit_ts,exit_price,exit_reason,pnl_usd,pnl_r,outcome,quality
10,,SHORT,Variation,,2026-06-05 21:15:27.515329+03:00,7444.0,7443.75,7428.75,7413.5,0.0,2026-06-05 21:30:00+03:00,2026-06-05 21:45:00+03:00,,2026-06-08 14:10:00+03:00,2026-06-08 14:10:00+03:00,7443.75,STOP_HIT,230.0,1.18,WIN,"{'trigger': 'BEAR_FLAG_SHORT', 'day_type': None, 'metadata': {'sizing': 2, 'pattern': 'BEAR_FLAG_SHORT', 'variant': None, 'stop_initial': 7457.03125, 'variants_passed': None}, 'blocked_by': None, 'confidence': 0.75, 'initial_stop': 7457.03125, 'pattern_name': 'BEAR_FLAG_SHORT', 'classification': 'BEAR_FLAG_SHORT'}"
13,,SHORT,Variation,,2026-06-05 22:05:04.876070+03:00,7414.25,7414.0,7410.5,7404.875,0.0,2026-06-05 22:10:00+03:00,2026-06-05 22:10:00+03:00,,2026-06-08 11:00:00+03:00,2026-06-08 11:00:00+03:00,7414.0,STOP_HIT,66.88,1.19,WIN,"{'trigger': 'REACTIVE_SHORT', 'day_type': None, 'metadata': {'sizing': 2, 'pattern': 'REACTIVE_SHORT', 'variant': 'A_VSA', 'stop_initial': 7418.0, 'variants_passed': ['A_VSA', 'B_RVOL']}, 'blocked_by': None, 'confidence': 0.75, 'initial_stop': 7418.0, 'pattern_name': 'REACTIVE_SHORT', 'classification': 'REACTIVE_SHORT'}"
22,ZLR,SHORT,Variation,,2026-06-09 19:00:03.516907+03:00,7313.5,7349.75,7259.375,7205.25,,,,,,2026-06-09 19:26:01.849789+03:00,7313.5,manual,0.0,0.0,BE,"{'trigger': 'BEAR_FLAG_SHORT', 'day_type': None, 'metadata': {'sizing': 2, 'pattern': 'BEAR_FLAG_SHORT', 'variant': None, 'stop_initial': 7349.75, 'variants_passed': None}, 'blocked_by': None, 'confidence': 0.75, 'pattern_name': 'BEAR_FLAG_SHORT', 'classification': 'BEAR_FLAG_SHORT'}"
33,ZLR,SHORT,Trend_Normal,,2026-06-11 17:15:03.180888+03:00,7297.75,7297.5,7284.35,7230.75,,2026-06-11 17:55:00+03:00,,,2026-06-11 18:10:00+03:00,2026-06-11 18:10:00+03:00,7297.5,STOP_HIT,69.5,0.14,WIN,"{'review': {'by': 'michael', 't1': 7305.75, 't2': 7319, 't3': 7334.5, 'ts': '2026-06-15T09:06:40.013196+00:00', 'dir': 'SHORT', 'pat': 'REACTIVE_SHORT', 'entry': 7325.25, 'stop1': 7260.75, 'stop2': 7269.5, 'stop3': 7282.75, 'day_type': 'Trend_Normal'}, 'trigger': 'REACTIVE_SHORT', 'day_type': None, 'metadata': {'sizing': 2, 'pattern': 'REACTIVE_SHORT', 'variant': 'A_VSA', 'stop_initial': 7331.25, 'variants_passed': ['A_VSA', 'B_RVOL', 'C_STRICT']}, 'blocked_by': None, 'confidence': 0.75, 'initial_stop': 7331.25, 'pattern_name': 'REACTIVE_SHORT', 'classification': 'REACTIVE_SHORT'}"
43,VEGAS,LONG,Variation,,2026-06-11 19:15:01.819776+03:00,7318.0,7295.5,7327.0,7363.0,,,,,2026-06-11 19:30:00+03:00,2026-06-11 19:30:00+03:00,7295.5,STOP_HIT,-337.5,-1.0,LOSS,"{'trigger': 'REACTIVE_LONG', 'day_type': None, 'metadata': {'sizing': 2, 'pattern': 'REACTIVE_LONG', 'variant': 'A_VSA', 'stop_initial': 7295.5, 'variants_passed': ['A_VSA', 'B_RVOL']}, 'blocked_by': None, 'confidence': 0.75, 'pattern_name': 'REACTIVE_LONG', 'classification': 'REACTIVE_LONG'}"
71,INITIATIVE_LONG,LONG,,,2026-06-12 18:22:44.141487+03:00,7453.0,7453.25,7457.5,7462.0,,2026-06-12 18:25:00+03:00,,,2026-06-12 18:30:00+03:00,2026-06-12 18:30:00+03:00,7453.25,STOP_HIT,25.0,0.37,WIN,"{'trigger': 'INITIATIVE_LONG', 'day_type': None, 'metadata': {'sizing': 1, 'pattern': 'INITIATIVE_LONG', 'variant': None, 'stop_initial': 7448.5, 'variants_passed': None}, 'blocked_by': None, 'confidence': 0.75, 'initial_stop': 7448.5, 'pattern_name': 'INITIATIVE_LONG', 'classification': 'INITIATIVE_LONG'}"
73,INITIATIVE_SHORT,SHORT,Variation,,2026-06-12 18:45:03.030899+03:00,7426.5,7426.25,7419.19,7404.0,,2026-06-12 18:50:00+03:00,,,2026-06-12 18:50:00+03:00,2026-06-12 18:50:00+03:00,7426.25,STOP_HIT,39.05,0.23,WIN,"{'trigger': 'INITIATIVE_SHORT', 'day_type': None, 'metadata': {'sizing': 3, 'pattern': 'INITIATIVE_SHORT', 'variant': None, 'stop_initial': 7437.75, 'variants_passed': None}, 'blocked_by': None, 'confidence': 0.75, 'initial_stop': 7437.75, 'pattern_name': 'INITIATIVE_SHORT', 'classification': 'INITIATIVE_SHORT'}"
74,INITIATIVE_SHORT,SHORT,Variation,,2026-06-12 18:50:04.879045+03:00,7412.5,7416.5,7408.5,7404.5,,,,,2026-06-12 18:55:00+03:00,2026-06-12 18:55:00+03:00,7416.5,STOP_HIT,-60.0,-1.0,LOSS,"{'trigger': 'INITIATIVE_SHORT', 'day_type': None, 'metadata': {'sizing': 3, 'pattern': 'INITIATIVE_SHORT', 'variant': None, 'stop_initial': 7416.5, 'variants_passed': None}, 'blocked_by': None, 'confidence': 0.75, 'pattern_name': 'INITIATIVE_SHORT', 'classification': 'INITIATIVE_SHORT'}"
75,INITIATIVE_SHORT,SHORT,,,2026-06-12 18:58:23.659857+03:00,7416.5,7416.25,7409.19,7394.0,,2026-06-12 19:00:00+03:00,,,2026-06-12 19:10:00+03:00,2026-06-12 19:10:00+03:00,7416.25,STOP_HIT,39.05,0.23,WIN,"{'trigger': 'INITIATIVE_SHORT', 'day_type': None, 'metadata': {'sizing': 2, 'pattern': 'INITIATIVE_SHORT', 'variant': None, 'stop_initial': 7427.75, 'variants_passed': None}, 'blocked_by': None, 'confidence': 0.75, 'initial_stop': 7427.75, 'pattern_name': 'INITIATIVE_SHORT', 'classification': 'INITIATIVE_SHORT'}"
77,REACTIVE_SHORT,SHORT,Normal,,2026-06-12 19:00:02.844956+03:00,7406.0,7427.75,7397.3,7362.5,,,,,2026-06-12 19:10:00+03:00,2026-06-12 19:10:00+03:00,7427.75,STOP_HIT,-326.25,-1.0,LOSS,"{'trigger': 'REACTIVE_SHORT', 'day_type': None, 'metadata': {'sizing': 3, 'pattern': 'REACTIVE_SHORT', 'variant': 'A_VSA', 'stop_initial': 7427.75, 'variants_passed': ['A_VSA', 'B_RVOL']}, 'blocked_by': None, 'confidence': 0.75, 'pattern_name': 'REACTIVE_SHORT', 'classification': 'REACTIVE_SHORT'}"
80,REACTIVE_LONG,LONG,Variation,,2026-06-12 20:05:00.484138+03:00,7437.0,7419.25,7445.88,7472.5,,,,,2026-06-12 22:35:00+03:00,2026-06-12 22:35:00+03:00,7419.25,STOP_HIT,-266.25,-1.0,LOSS,"{'review': {'by': 'michael', 'ts': '2026-06-15T09:06:40.023500+00:00', 'dir': 'LONG', 'pat': 'REACTIVE_LONG', 'note': 'זיהוי מאוחר - כניסה הייתה צריכה להיות ב 12:55 עם הסטוף הזה ולקבל יעד רווח ראשון ב vah ולהזיז סטופ', 'day_type': 'Variation', 'no_entry': True}, 'trigger': 'REACTIVE_LONG', 'day_type': None, 'metadata': {'sizing': 2, 'pattern': 'REACTIVE_LONG', 'variant': 'B_RVOL', 'stop_initial': 7419.25, 'variants_passed': ['B_RVOL']}, 'blocked_by': None, 'confidence': 0.75, 'pattern_name': 'REACTIVE_LONG', 'classification': 'REACTIVE_LONG'}"
81,REACTIVE_LONG,LONG,Variation,,2026-06-12 20:20:04.935915+03:00,7442.5,7428.25,7451.76,7471.0,,,,,2026-06-12 20:55:00+03:00,2026-06-12 20:55:00+03:00,7428.25,STOP_HIT,-213.75,-1.0,LOSS,"{'review': {'by': 'michael', 't1': 7447, 't2': 7441.75, 't3': 7436, 'ts': '2026-06-15T09:06:40.032075+00:00', 'dir': 'LONG', 'pat': 'REACTIVE_LONG', 'note': 'לא הייתי נכנס מאחר והווליום הקולמטיב החל לרדת הנר לא הצליח ללפרוץ גם אם הייתי נכנס הייתי יוצא ברגע שראיתי אאת הנר השני - כלומר הסטופ היה צריך לעבור אאחרי 2 הנרות השליליים למצומצם - גם חשוב לזהות איזה היום זהה \n', 'entry': 7431.75, 'stop1': 7413.5, 'stop2': 7419, 'stop3': 7431.75, 'day_type': 'Variation', 'no_entry': True}}"
82,INITIATIVE_SHORT,SHORT,Variation,,2026-06-12 20:35:02.579793+03:00,7431.75,7431.5,7425.19,7414.25,,2026-06-12 21:05:00+03:00,,,2026-06-12 21:10:00+03:00,2026-06-12 21:10:00+03:00,7431.5,STOP_HIT,35.3,0.27,WIN,"{'trigger': 'INITIATIVE_SHORT', 'day_type': None, 'metadata': {'sizing': 3, 'pattern': 'INITIATIVE_SHORT', 'variant': None, 'stop_initial': 7440.5, 'variants_passed': None}, 'blocked_by': None, 'confidence': 0.75, 'initial_stop': 7440.5, 'pattern_name': 'INITIATIVE_SHORT', 'classification': 'INITIATIVE_SHORT'}"
99,REACTIVE_LONG,LONG,Trend_Normal,,2026-06-15 18:05:01.405135+03:00,7622.25,7626.75,7629.0,7640.25,,2026-06-15 18:15:00+03:00,2026-06-15 18:50:00+03:00,,2026-06-15 21:30:00+03:00,2026-06-15 21:30:00+03:00,7626.75,STOP_HIT,146.25,1.08,WIN,"{'trigger': 'REACTIVE_LONG', 'day_type': None, 'metadata': {'sizing': 2, 'pattern': 'REACTIVE_LONG', 'variant': 'A_VSA', 'stop_initial': 7613.25, 'variants_passed': ['A_VSA', 'B_RVOL', 'C_STRICT']}, 'blocked_by': None, 'confidence': 0.75, 'initial_stop': 7613.25, 'pattern_name': 'REACTIVE_LONG', 'classification': 'REACTIVE_LONG'}"
101,REACTIVE_LONG,LONG,Trend_Normal,,2026-06-15 18:55:01.251518+03:00,7641.5,7629.0,7649.62,7666.5,,,,,2026-06-15 21:00:00+03:00,2026-06-15 21:00:00+03:00,7629.0,STOP_HIT,-187.5,-1.0,LOSS,"{'trigger': 'REACTIVE_LONG', 'day_type': None, 'metadata': {'sizing': 0, 'pattern': 'REACTIVE_LONG', 'variant': 'A_VSA', 'stop_initial': 7629.0, 'variants_passed': ['A_VSA', 'B_RVOL']}, 'blocked_by': None, 'confidence': 0.75, 'pattern_name': 'REACTIVE_LONG', 'classification': 'REACTIVE_LONG'}"
104,REACTIVE_SHORT,SHORT,Trend_Normal,,2026-06-15 19:45:03.466567+03:00,7640.75,7640.5,7634.75,7624.75,,2026-06-15 20:05:00+03:00,,,2026-06-15 20:10:00+03:00,2026-06-15 20:10:00+03:00,7640.5,STOP_HIT,32.5,0.27,WIN,"{'trigger': 'REACTIVE_SHORT', 'day_type': None, 'metadata': {'sizing': 0, 'pattern': 'REACTIVE_SHORT', 'variant': 'B_RVOL', 'stop_initial': 7648.75, 'variants_passed': ['B_RVOL']}, 'blocked_by': None, 'confidence': 0.75, 'initial_stop': 7648.75, 'pattern_name': 'REACTIVE_SHORT', 'classification': 'REACTIVE_SHORT'}"
110,REACTIVE_SHORT,SHORT,Trend_Normal,,2026-06-15 21:30:01.686608+03:00,7631.5,7636.0,7627.0,7622.5,,,,,2026-06-15 21:45:00+03:00,2026-06-15 21:45:00+03:00,7636.0,STOP_HIT,-67.5,-1.0,LOSS,"{'trigger': 'REACTIVE_SHORT', 'day_type': None, 'metadata': {'sizing': 2, 'pattern': 'REACTIVE_SHORT', 'variant': 'A_VSA', 'stop_initial': 7636.0, 'variants_passed': ['A_VSA', 'B_RVOL']}, 'blocked_by': None, 'confidence': 0.75, 'pattern_name': 'REACTIVE_SHORT', 'classification': 'REACTIVE_SHORT'}"
112,REACTIVE_SHORT,SHORT,Trend_Normal,,2026-06-15 21:35:01.641374+03:00,7628.5,7636.0,7622.88,7613.5,,,,,2026-06-15 21:45:00+03:00,2026-06-15 21:45:00+03:00,7636.0,STOP_HIT,-112.5,-1.0,LOSS,"{'trigger': 'REACTIVE_SHORT', 'day_type': None, 'metadata': {'sizing': 2, 'pattern': 'REACTIVE_SHORT', 'variant': 'B_RVOL', 'stop_initial': 7636.0, 'variants_passed': ['B_RVOL']}, 'blocked_by': None, 'confidence': 0.75, 'pattern_name': 'REACTIVE_SHORT', 'classification': 'REACTIVE_SHORT'}"
113,REACTIVE_LONG,LONG,Trend_Normal,,2026-06-15 21:45:00.212451+03:00,7634.0,7625.75,7640.19,7650.5,,,,,2026-06-15 22:25:00+03:00,2026-06-15 22:25:00+03:00,7625.75,STOP_HIT,-123.75,-1.0,LOSS,"{'trigger': 'REACTIVE_LONG', 'day_type': None, 'metadata': {'sizing': 2, 'pattern': 'REACTIVE_LONG', 'variant': 'A_VSA', 'stop_initial': 7625.75, 'variants_passed': ['A_VSA', 'B_RVOL']}, 'blocked_by': None, 'confidence': 0.75, 'pattern_name': 'REACTIVE_LONG', 'classification': 'REACTIVE_LONG'}"
114,REACTIVE_LONG,LONG,Trend_Normal,,2026-06-15 22:20:00.591836+03:00,7631.75,7627.75,7635.75,7639.75,,,,,2026-06-15 22:25:00+03:00,2026-06-15 22:25:00+03:00,7627.75,STOP_HIT,-60.0,-1.0,LOSS,"{'trigger': 'REACTIVE_LONG', 'day_type': None, 'metadata': {'sizing': 2, 'pattern': 'REACTIVE_LONG', 'variant': 'A_VSA', 'stop_initial': 7627.75, 'variants_passed': ['A_VSA', 'B_RVOL']}, 'blocked_by': None, 'confidence': 0.75, 'pattern_name': 'REACTIVE_LONG', 'classification': 'REACTIVE_LONG'}"
115,REACTIVE_SHORT,SHORT,Trend_Normal,,2026-06-15 22:35:02.663177+03:00,7625.5,7625.25,7618.38,7606.5,,2026-06-15 22:55:00+03:00,,,2026-06-15 23:00:00+03:00,2026-06-15 23:00:00+03:00,7625.25,STOP_HIT,38.1,0.27,WIN,"{'trigger': 'REACTIVE_SHORT', 'day_type': None, 'metadata': {'sizing': 2, 'pattern': 'REACTIVE_SHORT', 'variant': 'A_VSA', 'stop_initial': 7635.0, 'variants_passed': ['A_VSA']}, 'blocked_by': None, 'confidence': 0.75, 'initial_stop': 7635.0, 'pattern_name': 'REACTIVE_SHORT', 'classification': 'REACTIVE_SHORT'}"
118,REACTIVE_SHORT,SHORT,,,2026-06-16 16:40:03.706195+03:00,7629.25,7629.0,7623.25,7613.25,,2026-06-16 16:55:00+03:00,,,2026-06-16 16:55:00+03:00,2026-06-16 16:55:00+03:00,7629.0,STOP_HIT,32.5,0.27,WIN,"{'trigger': 'REACTIVE_SHORT', 'day_type': None, 'metadata': {'sizing': 3, 'pattern': 'REACTIVE_SHORT', 'variant': 'A_VSA', 'stop_initial': 7637.25, 'variants_passed': ['A_VSA', 'B_RVOL', 'C_STRICT']}, 'blocked_by': None, 'confidence': 0.75, 'initial_stop': 7637.25, 'pattern_name': 'REACTIVE_SHORT', 'classification': 'REACTIVE_SHORT'}"
124,INITIATIVE_SHORT,SHORT,Trend_Normal,,2026-06-16 17:25:01.165771+03:00,7617.25,7617.0,7610.69,7599.75,,2026-06-16 17:30:00+03:00,,,2026-06-16 17:35:00+03:00,2026-06-16 17:35:00+03:00,7617.0,STOP_HIT,35.3,0.27,WIN,"{'trigger': 'INITIATIVE_SHORT', 'day_type': None, 'metadata': {'sizing': 1, 'pattern': 'INITIATIVE_SHORT', 'variant': None, 'stop_initial': 7626.0, 'variants_passed': None}, 'blocked_by': None, 'confidence': 0.75, 'initial_stop': 7626.0, 'pattern_name': 'INITIATIVE_SHORT', 'classification': 'INITIATIVE_SHORT'}"
125,INITIATIVE_SHORT,SHORT,Trend_Normal,,2026-06-16 17:30:00.692413+03:00,7612.0,7611.75,7604.69,7592.5,,2026-06-16 18:25:00+03:00,,,2026-06-16 18:25:00+03:00,2026-06-16 18:25:00+03:00,7611.75,STOP_HIT,39.05,0.27,WIN,"{'trigger': 'INITIATIVE_SHORT', 'day_type': None, 'metadata': {'sizing': 1, 'pattern': 'INITIATIVE_SHORT', 'variant': None, 'stop_initial': 7621.75, 'variants_passed': None}, 'blocked_by': None, 'confidence': 0.75, 'initial_stop': 7621.75, 'pattern_name': 'INITIATIVE_SHORT', 'classification': 'INITIATIVE_SHORT'}"
128,REACTIVE_SHORT,SHORT,Variation,,2026-06-16 17:45:03.108653+03:00,7613.75,7613.5,7607.38,7596.75,,2026-06-16 17:55:00+03:00,,,2026-06-16 17:55:00+03:00,2026-06-16 17:55:00+03:00,7613.5,STOP_HIT,34.35,0.27,WIN,"{'trigger': 'REACTIVE_SHORT', 'day_type': None, 'metadata': {'sizing': 3, 'pattern': 'REACTIVE_SHORT', 'variant': 'B_RVOL', 'stop_initial': 7622.25, 'variants_passed': ['B_RVOL']}, 'blocked_by': None, 'confidence': 0.75, 'initial_stop': 7622.25, 'pattern_name': 'REACTIVE_SHORT', 'classification': 'REACTIVE_SHORT'}"
132,REACTIVE_LONG,LONG,Variation,,2026-06-16 18:10:03.443505+03:00,7616.25,7609.25,7621.5,7630.25,,,,,2026-06-16 18:20:00+03:00,2026-06-16 18:20:00+03:00,7609.25,STOP_HIT,-105.0,-1.0,LOSS,"{'trigger': 'REACTIVE_LONG', 'day_type': None, 'metadata': {'sizing': 3, 'pattern': 'REACTIVE_LONG', 'variant': 'B_RVOL', 'stop_initial': 7609.25, 'variants_passed': ['B_RVOL']}, 'blocked_by': None, 'confidence': 0.75, 'pattern_name': 'REACTIVE_LONG', 'classification': 'REACTIVE_LONG'}"
135,REACTIVE_LONG,LONG,Variation,,2026-06-16 19:10:01.836437+03:00,7617.5,7608.75,7624.06,7635.0,,,,,2026-06-16 19:30:00+03:00,2026-06-16 19:30:00+03:00,7608.75,STOP_HIT,-131.25,-1.0,LOSS,"{'trigger': 'REACTIVE_LONG', 'day_type': None, 'metadata': {'sizing': 3, 'pattern': 'REACTIVE_LONG', 'variant': 'A_VSA', 'stop_initial': 7608.75, 'variants_passed': ['A_VSA', 'B_RVOL']}, 'blocked_by': None, 'confidence': 0.75, 'pattern_name': 'REACTIVE_LONG', 'classification': 'REACTIVE_LONG'}"
136,REACTIVE_SHORT,SHORT,Variation,,2026-06-16 19:55:00.475873+03:00,7609.0,7608.75,7603.94,7595.5,,2026-06-16 20:20:00+03:00,,,2026-06-16 20:50:00+03:00,2026-06-16 20:50:00+03:00,7608.75,STOP_HIT,27.8,0.27,WIN,"{'trigger': 'REACTIVE_SHORT', 'day_type': None, 'metadata': {'sizing': 2, 'pattern': 'REACTIVE_SHORT', 'variant': 'B_RVOL', 'stop_initial': 7615.75, 'variants_passed': ['B_RVOL']}, 'blocked_by': None, 'confidence': 0.75, 'initial_stop': 7615.75, 'pattern_name': 'REACTIVE_SHORT', 'classification': 'REACTIVE_SHORT'}"
137,REACTIVE_LONG,LONG,Variation,,2026-06-16 20:00:03.882306+03:00,7610.5,7605.25,7614.44,7621.0,,,,,2026-06-16 20:05:00+03:00,2026-06-16 20:05:00+03:00,7605.25,STOP_HIT,-78.75,-1.0,LOSS,"{'trigger': 'REACTIVE_LONG', 'day_type': None, 'metadata': {'sizing': 2, 'pattern': 'REACTIVE_LONG', 'variant': 'A_VSA', 'stop_initial': 7605.25, 'variants_passed': ['A_VSA', 'B_RVOL']}, 'blocked_by': None, 'confidence': 0.75, 'pattern_name': 'REACTIVE_LONG', 'classification': 'REACTIVE_LONG'}"
146,REACTIVE_SHORT,SHORT,Trend_Normal,,2026-06-16 22:35:01.713097+03:00,7590.75,7590.5,7584.09,7570.25,,2026-06-16 22:55:00+03:00,,,2026-06-16 22:55:00+03:00,2026-06-16 22:55:00+03:00,7590.5,STOP_HIT,35.8,0.23,WIN,"{'trigger': 'REACTIVE_SHORT', 'day_type': None, 'metadata': {'sizing': 0, 'pattern': 'REACTIVE_SHORT', 'variant': 'A_VSA', 'stop_initial': 7601.0, 'variants_passed': ['A_VSA', 'B_RVOL']}, 'blocked_by': None, 'confidence': 0.75, 'initial_stop': 7601.0, 'pattern_name': 'REACTIVE_SHORT', 'classification': 'REACTIVE_SHORT'}"
147,REACTIVE_SHORT,SHORT,,,2026-06-18 16:35:04.896078+03:00,7557.5,7557.25,7547.5,7507.5,,2026-06-18 16:40:00+03:00,,,2026-06-18 17:05:00+03:00,2026-06-18 17:05:00+03:00,7557.25,STOP_HIT,52.5,0.14,WIN,"{'trigger': 'REACTIVE_SHORT', 'day_type': None, 'metadata': {'sizing': 2, 'pattern': 'REACTIVE_SHORT', 'variant': 'B_RVOL', 'stop_initial': 7582.5, 'variants_passed': ['B_RVOL']}, 'blocked_by': None, 'confidence': 0.75, 'initial_stop': 7582.5, 'pattern_name': 'REACTIVE_SHORT', 'classification': 'REACTIVE_SHORT'}"
148,INITIATIVE_LONG,LONG,Trend_Normal,,2026-06-18 17:10:01.318016+03:00,7555.25,7542.25,7563.7,7581.25,,,,,2026-06-18 17:15:00+03:00,2026-06-18 17:15:00+03:00,7542.25,STOP_HIT,-195.0,-1.0,LOSS,"{'trigger': 'INITIATIVE_LONG', 'day_type': None, 'metadata': {'sizing': 2, 'pattern': 'INITIATIVE_LONG', 'variant': None, 'stop_initial': 7542.25, 'variants_passed': None}, 'blocked_by': None, 'confidence': 0.75, 'pattern_name': 'INITIATIVE_LONG', 'classification': 'INITIATIVE_LONG'}"
149,REACTIVE_SHORT,SHORT,Trend_Normal,,2026-06-18 17:15:03.382679+03:00,7545.25,7559.0,7536.31,7517.75,,,,,2026-06-18 17:20:00+03:00,2026-06-18 17:20:00+03:00,7559.0,STOP_HIT,-206.25,-1.0,LOSS,"{'trigger': 'REACTIVE_SHORT', 'day_type': None, 'metadata': {'sizing': 2, 'pattern': 'REACTIVE_SHORT', 'variant': 'B_RVOL', 'stop_initial': 7559.0, 'variants_passed': ['B_RVOL']}, 'blocked_by': None, 'confidence': 0.75, 'pattern_name': 'REACTIVE_SHORT', 'classification': 'REACTIVE_SHORT'}"
150,REACTIVE_LONG,LONG,Trend_Normal,,2026-06-18 17:25:01.846197+03:00,7561.25,7561.5,7570.45,7607.25,,2026-06-18 17:45:00+03:00,,,2026-06-18 17:45:00+03:00,2026-06-18 17:45:00+03:00,7561.5,STOP_HIT,48.5,0.14,WIN,"{'trigger': 'REACTIVE_LONG', 'day_type': None, 'metadata': {'sizing': 1, 'pattern': 'REACTIVE_LONG', 'variant': 'B_RVOL', 'stop_initial': 7538.25, 'variants_passed': ['B_RVOL']}, 'blocked_by': None, 'confidence': 0.75, 'initial_stop': 7538.25, 'pattern_name': 'REACTIVE_LONG', 'classification': 'REACTIVE_LONG'}"
151,REACTIVE_SHORT,SHORT,Trend_Normal,,2026-06-18 17:30:03.261239+03:00,7550.75,7564.25,7541.98,7523.75,,,,,2026-06-18 17:40:00+03:00,2026-06-18 17:40:00+03:00,7564.25,STOP_HIT,-202.5,-1.0,LOSS,"{'trigger': 'REACTIVE_SHORT', 'day_type': None, 'metadata': {'sizing': 2, 'pattern': 'REACTIVE_SHORT', 'variant': 'A_VSA', 'stop_initial': 7564.25, 'variants_passed': ['A_VSA', 'B_RVOL']}, 'blocked_by': None, 'confidence': 0.75, 'pattern_name': 'REACTIVE_SHORT', 'classification': 'REACTIVE_SHORT'}"
153,REACTIVE_LONG,LONG,Trend_Normal,,2026-06-18 17:35:04.061941+03:00,7555.25,7555.5,7564.84,7584.75,,2026-06-18 17:45:00+03:00,,,2026-06-18 18:15:00+03:00,2026-06-18 18:15:00+03:00,7555.5,STOP_HIT,50.45,0.23,WIN,"{'trigger': 'REACTIVE_LONG', 'day_type': None, 'metadata': {'sizing': 2, 'pattern': 'REACTIVE_LONG', 'variant': 'B_RVOL', 'stop_initial': 7540.5, 'variants_passed': ['B_RVOL']}, 'blocked_by': None, 'confidence': 0.75, 'initial_stop': 7540.5, 'pattern_name': 'REACTIVE_LONG', 'classification': 'REACTIVE_LONG'}"
154,REACTIVE_LONG,LONG,Trend_Normal,,2026-06-18 17:40:02.778843+03:00,7562.5,7562.75,7571.3,7606.5,,2026-06-18 20:05:00+03:00,,,2026-06-18 21:00:00+03:00,2026-06-18 21:00:00+03:00,7562.75,STOP_HIT,46.5,0.14,WIN,"{'trigger': 'REACTIVE_LONG', 'day_type': None, 'metadata': {'sizing': 2, 'pattern': 'REACTIVE_LONG', 'variant': 'B_RVOL', 'stop_initial': 7540.5, 'variants_passed': ['B_RVOL']}, 'trail_hwm': 7578.75, 'blocked_by': None, 'confidence': 0.75, 'initial_stop': 7540.5, 'pattern_name': 'REACTIVE_LONG', 'classification': 'REACTIVE_LONG'}"
155,INITIATIVE_LONG,LONG,Trend_Normal,,2026-06-18 17:45:03.863508+03:00,7558.75,7560.5,7562.25,7565.75,,2026-06-18 17:50:00+03:00,2026-06-18 17:50:00+03:00,,2026-06-18 17:50:00+03:00,2026-06-18 17:50:00+03:00,7560.5,STOP_HIT,61.25,1.17,WIN,"{'trigger': 'INITIATIVE_LONG', 'day_type': None, 'metadata': {'sizing': 3, 'pattern': 'INITIATIVE_LONG', 'variant': None, 'stop_initial': 7555.25, 'variants_passed': None}, 'blocked_by': None, 'confidence': 0.75, 'initial_stop': 7555.25, 'pattern_name': 'INITIATIVE_LONG', 'classification': 'INITIATIVE_LONG'}"
156,REACTIVE_LONG,LONG,Trend_Normal,,2026-06-18 17:50:04.592773+03:00,7568.5,7557.5,7575.65,7590.5,,,,,2026-06-18 18:00:00+03:00,2026-06-18 18:00:00+03:00,7557.5,STOP_HIT,-165.0,-1.0,LOSS,"{'trigger': 'REACTIVE_LONG', 'day_type': None, 'metadata': {'sizing': 0, 'pattern': 'REACTIVE_LONG', 'variant': 'A_VSA', 'stop_initial': 7557.5, 'variants_passed': ['A_VSA', 'B_RVOL']}, 'blocked_by': None, 'confidence': 0.75, 'pattern_name': 'REACTIVE_LONG', 'classification': 'REACTIVE_LONG'}"
159,INITIATIVE_SHORT,SHORT,,,2026-06-18 18:17:29.421461+03:00,7556.75,7556.5,7552.62,7545.75,,2026-06-18 18:20:00+03:00,,,2026-06-18 18:20:00+03:00,2026-06-18 18:20:00+03:00,7556.5,STOP_HIT,23.15,0.28,WIN,"{'trigger': 'INITIATIVE_SHORT', 'day_type': None, 'metadata': {'sizing': 3, 'pattern': 'INITIATIVE_SHORT', 'variant': None, 'stop_initial': 7562.25, 'variants_passed': None}, 'blocked_by': None, 'confidence': 0.75, 'initial_stop': 7562.25, 'pattern_name': 'INITIATIVE_SHORT', 'classification': 'INITIATIVE_SHORT'}"
162,REACTIVE_LONG,LONG,Trend_Normal,,2026-06-18 18:55:05.071225+03:00,7557.75,7561.5,7566.38,7592.25,,2026-06-18 19:20:00+03:00,,,2026-06-18 21:15:00+03:00,2026-06-18 21:15:00+03:00,7561.5,STOP_HIT,80.65,0.31,WIN,"{'trigger': 'REACTIVE_LONG', 'day_type': None, 'metadata': {'sizing': 2, 'pattern': 'REACTIVE_LONG', 'variant': 'B_RVOL', 'stop_initial': 7540.5, 'variants_passed': ['B_RVOL']}, 'trail_hwm': 7578.75, 'blocked_by': None, 'confidence': 0.75, 'initial_stop': 7540.5, 'pattern_name': 'REACTIVE_LONG', 'classification': 'REACTIVE_LONG'}"
169,INITIATIVE_SHORT,SHORT,Trend_Normal,,2026-06-18 22:10:01.725284+03:00,7556.5,7553.75,7553.5,7551.5,,2026-06-18 22:15:00+03:00,2026-06-18 22:15:00+03:00,,2026-06-18 22:15:00+03:00,2026-06-18 22:15:00+03:00,7553.75,STOP_HIT,53.75,1.43,WIN,"{'trigger': 'INITIATIVE_SHORT', 'day_type': None, 'metadata': {'sizing': 2, 'pattern': 'INITIATIVE_SHORT', 'variant': None, 'stop_initial': 7559.0, 'variants_passed': None}, 'trail_hwm': 7551.25, 'blocked_by': None, 'confidence': 0.75, 'initial_stop': 7559.0, 'pattern_name': 'INITIATIVE_SHORT', 'classification': 'INITIATIVE_SHORT'}"
174,BULL_FLAG_LONG,LONG,Trend_Normal,,2026-06-18 22:55:00.363487+03:00,7574.0,7565.5,7580.8,7595.75,,,,,2026-06-18 23:00:00+03:00,2026-06-18 23:00:00+03:00,7565.5,STOP_HIT,-127.5,-1.0,LOSS,"{'trigger': 'BULL_FLAG_LONG', 'day_type': None, 'metadata': {'sizing': 2, 'pattern': 'BULL_FLAG_LONG', 'variant': None, 'stop_initial': 7565.5, 'variants_passed': None}, 'blocked_by': None, 'confidence': 0.75, 'pattern_name': 'BULL_FLAG_LONG', 'classification': 'BULL_FLAG_LONG'}"
180,REACTIVE_SHORT,SHORT,Trend_Normal,,2026-06-19 18:45:00.690576+03:00,7560.5,7567.5,7555.25,7546.5,,,,,2026-06-19 19:45:00+03:00,2026-06-19 19:45:00+03:00,7567.5,STOP_HIT,-105.0,-1.0,LOSS,"{'trigger': 'REACTIVE_SHORT', 'day_type': None, 'metadata': {'sizing': 2, 'pattern': 'REACTIVE_SHORT', 'variant': 'B_RVOL', 'stop_initial': 7567.5, 'variants_passed': ['B_RVOL']}, 'blocked_by': None, 'confidence': 0.75, 'pattern_name': 'REACTIVE_SHORT', 'classification': 'REACTIVE_SHORT'}"
182,REACTIVE_SHORT,SHORT,Trend_Normal,,2026-06-19 19:10:00.796864+03:00,7561.75,7566.5,7557.0,7552.25,,,,,2026-06-19 19:30:00+03:00,2026-06-19 19:30:00+03:00,7566.5,STOP_HIT,-71.25,-1.0,LOSS,"{'trigger': 'REACTIVE_SHORT', 'day_type': None, 'metadata': {'sizing': 2, 'pattern': 'REACTIVE_SHORT', 'variant': 'A_VSA', 'stop_initial': 7566.5, 'variants_passed': ['A_VSA', 'B_RVOL']}, 'blocked_by': None, 'confidence': 0.75, 'pattern_name': 'REACTIVE_SHORT', 'classification': 'REACTIVE_SHORT'}"
183,REACTIVE_SHORT,SHORT,Trend_Normal,,2026-06-19 19:15:00.492558+03:00,7561.0,7565.75,7556.25,7551.5,,,,,2026-06-19 19:30:00+03:00,2026-06-19 19:30:00+03:00,7565.75,STOP_HIT,-71.25,-1.0,LOSS,"{'trigger': 'REACTIVE_SHORT', 'day_type': None, 'metadata': {'sizing': 2, 'pattern': 'REACTIVE_SHORT', 'variant': 'B_RVOL', 'stop_initial': 7565.75, 'variants_passed': ['B_RVOL']}, 'blocked_by': None, 'confidence': 0.75, 'pattern_name': 'REACTIVE_SHORT', 'classification': 'REACTIVE_SHORT'}"
186,INITIATIVE_SHORT,SHORT,Variation,,2026-06-19 20:00:00.397291+03:00,7557.0,7562.25,7553.06,7546.5,,,,,2026-06-21 01:00:00+03:00,2026-06-21 01:00:00+03:00,7562.25,STOP_HIT,-78.75,-1.0,LOSS,"{'trigger': 'INITIATIVE_SHORT', 'day_type': None, 'metadata': {'sizing': 3, 'pattern': 'INITIATIVE_SHORT', 'variant': None, 'stop_initial': 7562.25, 'variants_passed': None}, 'blocked_by': None, 'confidence': 0.75, 'pattern_name': 'INITIATIVE_SHORT', 'classification': 'INITIATIVE_SHORT'}"
187,INITIATIVE_SHORT,SHORT,Variation,,2026-06-19 20:00:02.308677+03:00,7557.0,7562.5,7552.88,7546.0,,,,,2026-06-21 01:00:00+03:00,2026-06-21 01:00:00+03:00,7562.5,STOP_HIT,-82.5,-1.0,LOSS,"{'trigger': 'INITIATIVE_SHORT', 'day_type': None, 'metadata': {'sizing': 3, 'pattern': 'INITIATIVE_SHORT', 'variant': None, 'stop_initial': 7562.5, 'variants_passed': None}, 'blocked_by': None, 'confidence': 0.75, 'pattern_name': 'INITIATIVE_SHORT', 'classification': 'INITIATIVE_SHORT'}"
195,INITIATIVE_SHORT,SHORT,Variation,,2026-06-22 17:40:00.322825+03:00,7551.0,7546.5,7541.125,7521.75,7502.375,2026-06-22 17:45:00+03:00,,,2026-06-22 17:45:00+03:00,2026-06-22 17:45:00+03:00,7546.5,STOP_HIT,94.38,1.14,WIN,"{'trigger': 'INITIATIVE_SHORT', 'day_type': None, 'metadata': {'sizing': 1, 'pattern': 'INITIATIVE_SHORT', 'variant': None, 'stop_initial': 7556.5, 'variants_passed': None}, 'trail_hwm': 7541.0, 'blocked_by': None, 'confidence': 0.75, 'initial_stop': 7556.5, 'pattern_name': 'INITIATIVE_SHORT', 'classification': 'INITIATIVE_SHORT'}"
196,INITIATIVE_SHORT,SHORT,Variation,,2026-06-22 17:45:00.716848+03:00,7550.5,7541.0,7541.125,7521.75,7502.375,2026-06-22 17:50:00+03:00,,,2026-06-22 17:50:00+03:00,2026-06-22 17:50:00+03:00,7541.0,STOP_HIT,141.88,2.7,WIN,"{'trigger': 'INITIATIVE_SHORT', 'day_type': None, 'metadata': {'sizing': 1, 'pattern': 'INITIATIVE_SHORT', 'variant': None, 'stop_initial': 7554.0, 'variants_passed': None}, 'trail_hwm': 7537.5, 'blocked_by': None, 'confidence': 0.75, 'initial_stop': 7554.0, 'pattern_name': 'INITIATIVE_SHORT', 'classification': 'INITIATIVE_SHORT'}"
197,REACTIVE_SHORT,SHORT,Variation,,2026-06-22 18:10:08.286654+03:00,7538.5,7547.75,7531.56,7520.0,,,,,2026-06-22 18:35:00+03:00,2026-06-22 18:35:00+03:00,7547.75,STOP_HIT,-138.75,-1.0,LOSS,"{'trigger': 'REACTIVE_SHORT', 'day_type': None, 'metadata': {'sizing': 2, 'pattern': 'REACTIVE_SHORT', 'variant': 'B_RVOL', 'stop_initial': 7547.75, 'variants_passed': ['B_RVOL']}, 'blocked_by': None, 'confidence': 0.75, 'pattern_name': 'REACTIVE_SHORT', 'classification': 'REACTIVE_SHORT'}"
199,REACTIVE_SHORT,SHORT,Variation,,2026-06-22 18:20:03.427057+03:00,7537.75,7546.25,7531.38,7520.75,,,,,2026-06-22 18:25:00+03:00,2026-06-22 18:25:00+03:00,7546.25,STOP_HIT,-127.5,-1.0,LOSS,"{'trigger': 'REACTIVE_SHORT', 'day_type': None, 'metadata': {'sizing': 2, 'pattern': 'REACTIVE_SHORT', 'variant': 'B_RVOL', 'stop_initial': 7546.25, 'variants_passed': ['B_RVOL']}, 'blocked_by': None, 'confidence': 0.75, 'pattern_name': 'REACTIVE_SHORT', 'classification': 'REACTIVE_SHORT'}"
200,REACTIVE_SHORT,SHORT,Variation,,2026-06-22 18:20:05.588810+03:00,7537.75,7546.25,7531.38,7520.75,,,,,2026-06-22 18:25:00+03:00,2026-06-22 18:25:00+03:00,7546.25,STOP_HIT,-127.5,-1.0,LOSS,"{'trigger': 'REACTIVE_SHORT', 'day_type': None, 'metadata': {'sizing': 2, 'pattern': 'REACTIVE_SHORT', 'variant': 'B_RVOL', 'stop_initial': 7546.25, 'variants_passed': ['B_RVOL']}, 'blocked_by': None, 'confidence': 0.75, 'pattern_name': 'REACTIVE_SHORT', 'classification': 'REACTIVE_SHORT'}"
202,REACTIVE_SHORT,SHORT,Variation,,2026-06-22 18:30:08.632448+03:00,7539.75,7547.75,7533.75,7523.75,,,,,2026-06-22 18:35:00+03:00,2026-06-22 18:35:00+03:00,7547.75,STOP_HIT,-120.0,-1.0,LOSS,"{'trigger': 'REACTIVE_SHORT', 'day_type': None, 'metadata': {'sizing': 3, 'pattern': 'REACTIVE_SHORT', 'variant': 'B_RVOL', 'stop_initial': 7547.75, 'variants_passed': ['B_RVOL']}, 'blocked_by': None, 'confidence': 0.75, 'pattern_name': 'REACTIVE_SHORT', 'classification': 'REACTIVE_SHORT'}"
203,REACTIVE_SHORT,SHORT,Variation,,2026-06-22 18:50:06.772532+03:00,7540.5,7540.25,7530.75,7501.5,,2026-06-22 22:05:00+03:00,,,2026-06-22 22:50:00+03:00,2026-06-22 22:50:00+03:00,7540.25,STOP_HIT,51.25,0.18,WIN,"{'trigger': 'REACTIVE_SHORT', 'day_type': None, 'metadata': {'sizing': 2, 'pattern': 'REACTIVE_SHORT', 'variant': 'B_RVOL', 'stop_initial': 7560.0, 'variants_passed': ['B_RVOL']}, 'trail_hwm': 7528.0, 'blocked_by': None, 'confidence': 0.75, 'initial_stop': 7560.0, 'pattern_name': 'REACTIVE_SHORT', 'classification': 'REACTIVE_SHORT'}"
205,REACTIVE_SHORT,SHORT,Variation,,2026-06-22 19:05:04.389394+03:00,7533.75,7545.25,7526.27,7510.75,,,,,2026-06-22 19:10:00+03:00,2026-06-22 19:10:00+03:00,7545.25,STOP_HIT,-172.5,-1.0,LOSS,"{'trigger': 'REACTIVE_SHORT', 'day_type': None, 'metadata': {'sizing': 2, 'pattern': 'REACTIVE_SHORT', 'variant': 'B_RVOL', 'stop_initial': 7545.25, 'variants_passed': ['B_RVOL']}, 'blocked_by': None, 'confidence': 0.75, 'pattern_name': 'REACTIVE_SHORT', 'classification': 'REACTIVE_SHORT'}"
208,REACTIVE_SHORT,SHORT,Variation,,2026-06-22 19:25:10.559002+03:00,7541.75,7541.5,7541.125,7521.75,7502.375,2026-06-22 19:30:00+03:00,,,2026-06-22 19:30:00+03:00,2026-06-22 19:30:00+03:00,7541.5,STOP_HIT,5.62,0.04,WIN,"{'trigger': 'REACTIVE_SHORT', 'day_type': None, 'metadata': {'sizing': 2, 'pattern': 'REACTIVE_SHORT', 'variant': 'B_RVOL', 'stop_initial': 7551.25, 'variants_passed': ['B_RVOL']}, 'trail_hwm': 7541.25, 'blocked_by': None, 'confidence': 0.75, 'initial_stop': 7551.25, 'pattern_name': 'REACTIVE_SHORT', 'classification': 'REACTIVE_SHORT'}"
209,REACTIVE_SHORT,SHORT,Variation,,2026-06-22 21:00:05.151290+03:00,7542.75,7542.5,7541.125,7521.75,7502.375,2026-06-22 21:05:00+03:00,,,2026-06-22 21:05:00+03:00,2026-06-22 21:05:00+03:00,7542.5,STOP_HIT,10.62,0.11,WIN,"{'trigger': 'REACTIVE_SHORT', 'day_type': None, 'metadata': {'sizing': 3, 'pattern': 'REACTIVE_SHORT', 'variant': 'B_RVOL', 'stop_initial': 7549.25, 'variants_passed': ['B_RVOL']}, 'trail_hwm': 7540.5, 'blocked_by': None, 'confidence': 0.75, 'initial_stop': 7549.25, 'pattern_name': 'REACTIVE_SHORT', 'classification': 'REACTIVE_SHORT'}"
211,REACTIVE_SHORT,SHORT,Variation,,2026-06-22 22:00:01.501415+03:00,7532.75,7545.5,7524.46,7507.25,,,,,2026-06-22 22:55:00+03:00,2026-06-22 22:55:00+03:00,7545.5,STOP_HIT,-191.25,-1.0,LOSS,"{'trigger': 'REACTIVE_SHORT', 'day_type': None, 'metadata': {'sizing': 2, 'pattern': 'REACTIVE_SHORT', 'variant': 'B_RVOL', 'stop_initial': 7545.5, 'variants_passed': ['B_RVOL']}, 'blocked_by': None, 'confidence': 0.75, 'pattern_name': 'REACTIVE_SHORT', 'classification': 'REACTIVE_SHORT'}"
212,REACTIVE_SHORT,SHORT,Variation,,2026-06-22 22:45:02.349096+03:00,7529.5,7534.75,7525.56,7519.0,,,,,2026-06-22 22:50:00+03:00,2026-06-22 22:50:00+03:00,7534.75,STOP_HIT,-78.75,-1.0,LOSS,"{'trigger': 'REACTIVE_SHORT', 'day_type': None, 'metadata': {'sizing': 3, 'pattern': 'REACTIVE_SHORT', 'variant': 'A_VSA', 'stop_initial': 7534.75, 'variants_passed': ['A_VSA', 'B_RVOL', 'C_STRICT']}, 'blocked_by': None, 'confidence': 0.75, 'pattern_name': 'REACTIVE_SHORT', 'classification': 'REACTIVE_SHORT'}"
218,BEAR_FLAG_SHORT,SHORT,Normal,,2026-06-23 18:20:00.327059+03:00,7446.75,7446.5,7438.35,7422.25,,2026-06-23 18:25:00+03:00,,,2026-06-23 18:30:00+03:00,2026-06-23 18:30:00+03:00,7446.5,STOP_HIT,44.5,0.28,WIN,"{'trigger': 'BEAR_FLAG_SHORT', 'day_type': None, 'metadata': {'sizing': 2, 'pattern': 'BEAR_FLAG_SHORT', 'variant': None, 'stop_initial': 7457.25, 'variants_passed': None}, 'trail_hwm': 7436.25, 'blocked_by': None, 'confidence': 0.75, 'initial_stop': 7457.25, 'pattern_name': 'BEAR_FLAG_SHORT', 'classification': 'BEAR_FLAG_SHORT'}"
219,REACTIVE_SHORT,SHORT,Normal,,2026-06-23 18:20:04.175173+03:00,7446.75,7446.5,7439.6,7424.75,,2026-06-23 18:25:00+03:00,,,2026-06-23 18:30:00+03:00,2026-06-23 18:30:00+03:00,7446.5,STOP_HIT,38.25,0.23,WIN,"{'trigger': 'REACTIVE_SHORT', 'day_type': None, 'metadata': {'sizing': 3, 'pattern': 'REACTIVE_SHORT', 'variant': 'B_RVOL', 'stop_initial': 7457.75, 'variants_passed': ['B_RVOL']}, 'trail_hwm': 7436.25, 'blocked_by': None, 'confidence': 0.75, 'initial_stop': 7457.75, 'pattern_name': 'REACTIVE_SHORT', 'classification': 'REACTIVE_SHORT'}"
220,REACTIVE_SHORT,SHORT,Normal,,2026-06-23 18:25:01.976067+03:00,7440.0,7457.75,7431.12,7404.5,,,,,2026-06-23 19:00:00+03:00,2026-06-23 19:00:00+03:00,7457.75,STOP_HIT,-266.25,-1.0,LOSS,"{'trigger': 'REACTIVE_SHORT', 'day_type': None, 'metadata': {'sizing': 2, 'pattern': 'REACTIVE_SHORT', 'variant': 'B_RVOL', 'stop_initial': 7457.75, 'variants_passed': ['B_RVOL']}, 'blocked_by': None, 'confidence': 0.75, 'pattern_name': 'REACTIVE_SHORT', 'classification': 'REACTIVE_SHORT'}"
221,REACTIVE_SHORT,SHORT,Normal,,2026-06-23 20:45:01.234583+03:00,7467.75,7460.75,7453.125,7442.25,7415.0,2026-06-23 20:55:00+03:00,,,2026-06-23 21:00:00+03:00,2026-06-23 21:00:00+03:00,7460.75,STOP_HIT,143.12,1.06,WIN,"{'trigger': 'REACTIVE_SHORT', 'day_type': None, 'metadata': {'sizing': 3, 'pattern': 'REACTIVE_SHORT', 'variant': 'A_VSA', 'stop_initial': 7476.75, 'variants_passed': ['A_VSA', 'B_RVOL']}, 'trail_hwm': 7451.75, 'blocked_by': None, 'confidence': 0.75, 'initial_stop': 7476.75, 'pattern_name': 'REACTIVE_SHORT', 'classification': 'REACTIVE_SHORT'}"
223,REACTIVE_SHORT,SHORT,Normal,,2026-06-23 20:55:04.963505+03:00,7456.25,7456.0,7453.125,7442.25,7415.0,2026-06-23 21:00:00+03:00,,,2026-06-23 21:00:00+03:00,2026-06-23 21:00:00+03:00,7456.0,STOP_HIT,18.12,0.09,WIN,"{'trigger': 'REACTIVE_SHORT', 'day_type': None, 'metadata': {'sizing': 2, 'pattern': 'REACTIVE_SHORT', 'variant': 'B_RVOL', 'stop_initial': 7469.75, 'variants_passed': ['B_RVOL']}, 'trail_hwm': 7451.75, 'blocked_by': None, 'confidence': 0.75, 'initial_stop': 7469.75, 'pattern_name': 'REACTIVE_SHORT', 'classification': 'REACTIVE_SHORT'}"
224,REACTIVE_SHORT,SHORT,Normal,,2026-06-23 21:30:06.538604+03:00,7448.25,7444.75,7442.81,7433.75,,2026-06-23 21:40:00+03:00,,,2026-06-23 21:40:00+03:00,2026-06-23 21:40:00+03:00,7444.75,STOP_HIT,62.2,0.57,WIN,"{'trigger': 'REACTIVE_SHORT', 'day_type': None, 'metadata': {'sizing': 2, 'pattern': 'REACTIVE_SHORT', 'variant': 'B_RVOL', 'stop_initial': 7455.5, 'variants_passed': ['B_RVOL']}, 'trail_hwm': 7437.5, 'blocked_by': None, 'confidence': 0.75, 'initial_stop': 7455.5, 'pattern_name': 'REACTIVE_SHORT', 'classification': 'REACTIVE_SHORT'}"
226,REACTIVE_LONG,LONG,Normal,,2026-06-23 21:50:05.345738+03:00,7435.5,7429.5,7453.125,7450.25,7491.25,,,,2026-06-23 21:55:00+03:00,2026-06-23 21:55:00+03:00,7429.5,STOP_HIT,-90.0,-1.0,LOSS,"{'trigger': 'REACTIVE_LONG', 'day_type': None, 'metadata': {'sizing': 2, 'pattern': 'REACTIVE_LONG', 'variant': 'B_RVOL', 'stop_initial': 7429.5, 'variants_passed': ['B_RVOL']}, 'blocked_by': None, 'confidence': 0.75, 'pattern_name': 'REACTIVE_LONG', 'classification': 'REACTIVE_LONG'}"
230,INITIATIVE_LONG,LONG,Variation,,2026-06-24 17:55:03.379981+03:00,7481.0,7492.75,7490.5,7508.5,7526.5,2026-06-24 18:00:00+03:00,,,2026-06-24 18:00:00+03:00,2026-06-24 18:00:00+03:00,7492.75,STOP_HIT,165.0,4.89,WIN,"{'trigger': 'INITIATIVE_LONG', 'day_type': None, 'metadata': {'sizing': 1, 'pattern': 'INITIATIVE_LONG', 'variant': None, 'stop_initial': 7478.75, 'variants_passed': None}, 'trail_hwm': 7495.0, 'blocked_by': None, 'confidence': 0.75, 'initial_stop': 7478.75, 'pattern_name': 'INITIATIVE_LONG', 'classification': 'INITIATIVE_LONG'}"
231,BULL_FLAG_LONG,LONG,Variation,,2026-06-24 18:00:03.881687+03:00,7493.75,7478.0,7505.8775,7537.25,,,,,2026-06-24 18:10:00+03:00,2026-06-24 18:10:00+03:00,7478.0,STOP_HIT,-236.25,-1.0,LOSS,"{'trigger': 'BULL_FLAG_LONG', 'day_type': None, 'metadata': {'sizing': 2, 'pattern': 'BULL_FLAG_LONG', 'variant': None, 'stop_initial': 7478.0, 'variants_passed': None}, 'blocked_by': None, 'confidence': 0.75, 'pattern_name': 'BULL_FLAG_LONG', 'classification': 'BULL_FLAG_LONG'}"
232,REACTIVE_LONG,LONG,Variation,,2026-06-24 18:20:01.990772+03:00,7488.75,7489.0,7490.5,7508.5,7526.5,2026-06-24 18:25:00+03:00,,,2026-06-24 18:25:00+03:00,2026-06-24 18:25:00+03:00,7489.0,STOP_HIT,11.25,0.06,WIN,"{'trigger': 'REACTIVE_LONG', 'day_type': None, 'metadata': {'sizing': 2, 'pattern': 'REACTIVE_LONG', 'variant': 'B_RVOL', 'stop_initial': 7475.5, 'variants_passed': ['B_RVOL']}, 'trail_hwm': 7490.75, 'blocked_by': None, 'confidence': 0.75, 'initial_stop': 7475.5, 'pattern_name': 'REACTIVE_LONG', 'classification': 'REACTIVE_LONG'}"
233,BULL_FLAG_LONG,LONG,Variation,,2026-06-24 18:30:03.260170+03:00,7493.75,7478.25,7505.84,7542.5,,,,,2026-06-24 18:40:00+03:00,2026-06-24 18:40:00+03:00,7478.25,STOP_HIT,-232.5,-1.0,LOSS,"{'trigger': 'BULL_FLAG_LONG', 'day_type': None, 'metadata': {'sizing': 2, 'pattern': 'BULL_FLAG_LONG', 'variant': None, 'stop_initial': 7478.25, 'variants_passed': None}, 'blocked_by': None, 'confidence': 0.75, 'pattern_name': 'BULL_FLAG_LONG', 'classification': 'BULL_FLAG_LONG'}"
235,REACTIVE_LONG,LONG,Variation,,2026-06-24 18:50:04.511644+03:00,7483.5,7473.75,7490.5,7508.5,7526.5,,,,2026-06-24 19:30:00+03:00,2026-06-24 19:30:00+03:00,7473.75,STOP_HIT,-146.25,-1.0,LOSS,"{'trigger': 'REACTIVE_LONG', 'day_type': None, 'metadata': {'sizing': 2, 'pattern': 'REACTIVE_LONG', 'variant': 'B_RVOL', 'stop_initial': 7473.75, 'variants_passed': ['B_RVOL']}, 'blocked_by': None, 'confidence': 0.75, 'pattern_name': 'REACTIVE_LONG', 'classification': 'REACTIVE_LONG'}"
236,REACTIVE_LONG,LONG,Variation,,2026-06-24 19:15:04.053514+03:00,7481.25,7473.75,7490.5,7508.5,7526.5,,,,2026-06-24 19:30:00+03:00,2026-06-24 19:30:00+03:00,7473.75,STOP_HIT,-112.5,-1.0,LOSS,"{'trigger': 'REACTIVE_LONG', 'day_type': None, 'metadata': {'sizing': 2, 'pattern': 'REACTIVE_LONG', 'variant': 'B_RVOL', 'stop_initial': 7473.75, 'variants_passed': ['B_RVOL']}, 'blocked_by': None, 'confidence': 0.75, 'pattern_name': 'REACTIVE_LONG', 'classification': 'REACTIVE_LONG'}"
237,INITIATIVE_SHORT,SHORT,Variation,,2026-06-24 19:45:00.709455+03:00,7459.5,7462.5,7418.5,7400.5,7382.5,,,,2026-06-24 19:50:00+03:00,2026-06-24 19:50:00+03:00,7462.5,STOP_HIT,-45.0,-1.0,LOSS,"{'trigger': 'INITIATIVE_SHORT', 'day_type': None, 'metadata': {'sizing': 3, 'pattern': 'INITIATIVE_SHORT', 'variant': None, 'stop_initial': 7462.5, 'variants_passed': None}, 'blocked_by': None, 'confidence': 0.75, 'pattern_name': 'INITIATIVE_SHORT', 'classification': 'INITIATIVE_SHORT'}"
238,BEAR_FLAG_SHORT,SHORT,Variation,,2026-06-24 19:55:01.421347+03:00,7454.5,7426.5,7418.5,7400.5,7382.5,2026-06-24 20:25:00+03:00,,,2026-06-24 20:25:00+03:00,2026-06-24 20:25:00+03:00,7426.5,STOP_HIT,460.0,2.92,WIN,"{'trigger': 'BEAR_FLAG_SHORT', 'day_type': None, 'metadata': {'sizing': 1, 'pattern': 'BEAR_FLAG_SHORT', 'variant': None, 'stop_initial': 7465.0, 'variants_passed': None}, 'trail_hwm': 7416.0, 'blocked_by': None, 'confidence': 0.75, 'initial_stop': 7465.0, 'pattern_name': 'BEAR_FLAG_SHORT', 'classification': 'BEAR_FLAG_SHORT'}"
239,REACTIVE_SHORT,SHORT,Variation,,2026-06-24 19:55:07.165848+03:00,7454.0,7427.25,7418.5,7400.5,7382.5,2026-06-24 20:25:00+03:00,,,2026-06-24 20:25:00+03:00,2026-06-24 20:25:00+03:00,7427.25,STOP_HIT,445.0,2.64,WIN,"{'trigger': 'REACTIVE_SHORT', 'day_type': None, 'metadata': {'sizing': 2, 'pattern': 'REACTIVE_SHORT', 'variant': 'B_RVOL', 'stop_initial': 7465.25, 'variants_passed': ['B_RVOL']}, 'trail_hwm': 7416.0, 'blocked_by': None, 'confidence': 0.75, 'initial_stop': 7465.25, 'pattern_name': 'REACTIVE_SHORT', 'classification': 'REACTIVE_SHORT'}"
240,INITIATIVE_SHORT,SHORT,Variation,,2026-06-24 20:00:00.225543+03:00,7453.0,7457.0,7418.5,7400.5,7382.5,,,,2026-06-24 20:05:00+03:00,2026-06-24 20:05:00+03:00,7457.0,STOP_HIT,-60.0,-1.0,LOSS,"{'trigger': 'INITIATIVE_SHORT', 'day_type': None, 'metadata': {'sizing': 1, 'pattern': 'INITIATIVE_SHORT', 'variant': None, 'stop_initial': 7457.0, 'variants_passed': None}, 'blocked_by': None, 'confidence': 0.75, 'pattern_name': 'INITIATIVE_SHORT', 'classification': 'INITIATIVE_SHORT'}"
242,REACTIVE_SHORT,SHORT,Variation,,2026-06-24 20:10:06.649462+03:00,7445.75,7423.5,7418.5,7400.5,7382.5,2026-06-24 20:25:00+03:00,,,2026-06-24 20:35:00+03:00,2026-06-24 20:35:00+03:00,7423.5,STOP_HIT,358.75,1.52,WIN,"{'trigger': 'REACTIVE_SHORT', 'day_type': None, 'metadata': {'sizing': 2, 'pattern': 'REACTIVE_SHORT', 'variant': 'B_RVOL', 'stop_initial': 7461.5, 'variants_passed': ['B_RVOL']}, 'trail_hwm': 7407.75, 'blocked_by': None, 'confidence': 0.75, 'initial_stop': 7461.5, 'pattern_name': 'REACTIVE_SHORT', 'classification': 'REACTIVE_SHORT'}"
